part,tripId,time,lat,lon
1,1,2021-09-28 17:01:22,55.1888,11.2433
1,1,2021-09-28 17:01:31,55.1883,11.2434
1,3,2021-09-28 15:13:02,55.1892,11.2432
1,3,2021-09-28 15:13:10,55.1888,11.2433
1,29,2021-09-26 19:01:23,55.1892,11.2432
1,43,2021-09-25 18:47:04,55.189,11.2433
1,43,2021-09-25 18:47:13,55.1886,11.2434
1,43,2021-09-25 18:47:24,55.188,11.2435
1,47,2021-09-25 15:12:01,55.1892,11.2431
1,47,2021-09-25 15:12:05,55.189,11.2432
1,47,2021-09-25 15:12:15,55.1886,11.2433
1,49,2021-09-25 13:10:54,55.189,11.2432
1,49,2021-09-25 13:11:04,55.1884,11.2433
1,49,2021-09-25 13:11:14,55.188,11.2434
1,61,2021-09-24 15:06:04,55.2064,11.2369
1,61,2021-09-24 15:06:15,55.2059,11.2365
1,61,2021-09-24 15:06:24,55.2056,11.2363
1,61,2021-09-24 15:06:33,55.2052,11.236
1,61,2021-09-24 15:06:43,55.2047,11.2358
1,61,2021-09-24 15:06:55,55.2042,11.2355
1,61,2021-09-24 15:07:04,55.2038,11.2353
1,61,2021-09-24 15:07:08,55.2036,11.2352
1,61,2021-09-24 15:07:09,55.2035,11.2351
1,61,2021-09-24 15:07:15,55.2033,11.2351
1,61,2021-09-24 15:07:15,55.2034,11.2351
1,61,2021-09-24 15:07:18,55.2032,11.235
1,61,2021-09-24 15:07:24,55.2029,11.2349
1,61,2021-09-24 15:07:31,55.2026,11.2348
1,61,2021-09-24 15:07:33,55.2025,11.2348
1,61,2021-09-24 15:07:38,55.2023,11.2348
1,61,2021-09-24 15:07:41,55.2022,11.2348
1,61,2021-09-24 15:07:43,55.2021,11.2347
1,61,2021-09-24 15:07:47,55.2019,11.2347
1,61,2021-09-24 15:07:51,55.2018,11.2347
1,61,2021-09-24 15:07:54,55.2016,11.2347
1,61,2021-09-24 15:07:57,55.2014,11.2346
1,61,2021-09-24 15:08:01,55.2013,11.2346
1,61,2021-09-24 15:08:05,55.2011,11.2346
1,61,2021-09-24 15:08:06,55.201,11.2346
1,61,2021-09-24 15:08:11,55.2008,11.2346
1,61,2021-09-24 15:08:14,55.2007,11.2345
1,61,2021-09-24 15:08:22,55.2002,11.2345
1,61,2021-09-24 15:08:28,55.2,11.2345
1,61,2021-09-24 15:08:31,55.1999,11.2345
1,61,2021-09-24 15:08:33,55.1998,11.2345
1,61,2021-09-24 15:08:38,55.1996,11.2346
1,61,2021-09-24 15:08:42,55.1994,11.2346
1,61,2021-09-24 15:08:51,55.199,11.2348
1,61,2021-09-24 15:08:54,55.1989,11.2348
1,61,2021-09-24 15:08:56,55.1987,11.2349
1,61,2021-09-24 15:09:01,55.1986,11.235
1,61,2021-09-24 15:09:05,55.1984,11.2351
1,61,2021-09-24 15:09:05,55.1986,11.235
1,61,2021-09-24 15:09:08,55.1983,11.2351
1,61,2021-09-24 15:09:11,55.1982,11.2353
1,61,2021-09-24 15:09:14,55.1981,11.2353
1,61,2021-09-24 15:09:18,55.1979,11.2355
1,61,2021-09-24 15:09:21,55.1978,11.2356
1,61,2021-09-24 15:09:24,55.1977,11.2357
1,61,2021-09-24 15:09:27,55.1975,11.2358
1,61,2021-09-24 15:09:31,55.1974,11.236
1,61,2021-09-24 15:09:34,55.1973,11.236
1,61,2021-09-24 15:09:38,55.1971,11.2362
1,61,2021-09-24 15:09:41,55.197,11.2363
1,61,2021-09-24 15:09:45,55.1969,11.2365
1,61,2021-09-24 15:09:48,55.1968,11.2366
1,61,2021-09-24 15:09:51,55.1966,11.2368
1,61,2021-09-24 15:09:54,55.1965,11.2369
1,61,2021-09-24 15:09:58,55.1963,11.237
1,61,2021-09-24 15:10:01,55.1962,11.2372
1,61,2021-09-24 15:10:05,55.1961,11.2374
1,61,2021-09-24 15:10:08,55.196,11.2375
1,61,2021-09-24 15:10:11,55.1959,11.2376
1,61,2021-09-24 15:10:14,55.1958,11.2378
1,61,2021-09-24 15:10:18,55.1957,11.238
1,61,2021-09-24 15:10:21,55.1955,11.2382
1,61,2021-09-24 15:10:22,55.1954,11.2384
1,61,2021-09-24 15:10:26,55.1953,11.2386
1,61,2021-09-24 15:10:31,55.1952,11.2387
1,61,2021-09-24 15:10:34,55.1951,11.2388
1,61,2021-09-24 15:10:38,55.195,11.2391
1,61,2021-09-24 15:10:41,55.1949,11.2392
1,61,2021-09-24 15:10:45,55.1948,11.2394
1,61,2021-09-24 15:10:47,55.1947,11.2396
1,61,2021-09-24 15:10:51,55.1945,11.2398
1,61,2021-09-24 15:10:54,55.1944,11.24
1,65,2021-09-24 10:11:14,55.1892,11.2431
1,65,2021-09-24 10:11:16,55.189,11.2432
1,65,2021-09-24 10:11:21,55.1889,11.2432
1,65,2021-09-24 10:11:24,55.1887,11.2432
1,65,2021-09-24 10:11:26,55.1885,11.2433
1,65,2021-09-24 10:11:30,55.1884,11.2433
1,65,2021-09-24 10:11:34,55.1882,11.2434
1,67,2021-09-24 08:12:10,55.1891,11.2431
1,67,2021-09-24 08:12:13,55.189,11.2431
1,67,2021-09-24 08:12:17,55.1888,11.2432
1,67,2021-09-24 08:12:21,55.1887,11.2432
1,67,2021-09-24 08:12:23,55.1885,11.2432
1,68,2021-09-24 07:14:41,55.1863,11.1806
1,68,2021-09-24 07:14:45,55.1862,11.1808
1,69,2021-09-24 06:13:45,55.1891,11.2432
1,69,2021-09-24 06:13:53,55.1886,11.2432
1,69,2021-09-24 06:14:04,55.1881,11.2434
1,69,2021-09-24 06:14:15,55.1876,11.2435
1,69,2021-09-24 06:14:21,55.1873,11.2436
1,69,2021-09-24 06:14:24,55.1871,11.2436
1,69,2021-09-24 06:14:28,55.187,11.2437
1,69,2021-09-24 06:14:31,55.1868,11.2437
1,69,2021-09-24 06:14:34,55.1866,11.2438
1,70,2021-09-24 05:11:04,55.1864,11.1806
1,70,2021-09-24 05:11:07,55.1863,11.1809
1,70,2021-09-24 05:11:11,55.1862,11.1811
1,71,2021-09-24 04:09:23,55.189,11.2432
1,71,2021-09-24 04:09:34,55.1885,11.2433
1,71,2021-09-24 04:09:44,55.1881,11.2434
1,71,2021-09-24 04:09:54,55.1876,11.2435
1,94,2021-09-22 05:09:20,55.1828,11.1573
1,94,2021-09-22 05:09:30,55.1832,11.1571
1,94,2021-09-22 05:09:33,55.1834,11.1571
1,94,2021-09-22 05:09:36,55.1835,11.1571
1,94,2021-09-22 05:09:39,55.1836,11.1571
1,94,2021-09-22 05:09:40,55.1836,11.1571
1,94,2021-09-22 05:09:42,55.1838,11.1572
1,94,2021-09-22 05:09:46,55.1839,11.1573
1,94,2021-09-22 05:09:50,55.1841,11.1574
1,94,2021-09-22 05:09:53,55.1842,11.1576
1,94,2021-09-22 05:09:56,55.1842,11.1576
1,94,2021-09-22 05:10:00,55.1844,11.1578
1,94,2021-09-22 05:10:03,55.1845,11.158
1,94,2021-09-22 05:10:06,55.1846,11.1582
1,94,2021-09-22 05:10:09,55.1847,11.1584
1,94,2021-09-22 05:10:13,55.1848,11.1586
1,94,2021-09-22 05:10:16,55.1849,11.1588
1,94,2021-09-22 05:10:20,55.185,11.159
1,94,2021-09-22 05:10:23,55.1851,11.1592
1,94,2021-09-22 05:10:26,55.1851,11.1594
1,94,2021-09-22 05:10:30,55.1852,11.1597
1,94,2021-09-22 05:10:31,55.1853,11.1598
1,94,2021-09-22 05:10:36,55.1853,11.1601
1,94,2021-09-22 05:10:38,55.1854,11.1603
1,94,2021-09-22 05:10:43,55.1855,11.1606
1,94,2021-09-22 05:10:45,55.1855,11.1608
1,94,2021-09-22 05:10:50,55.1856,11.161
2,5,2021-09-28 13:15:11,55.1913,11.2428
2,5,2021-09-28 13:15:11,55.1918,11.2427
2,5,2021-09-28 13:15:20,55.191,11.2428
2,5,2021-09-28 13:15:31,55.1905,11.2429
2,9,2021-09-28 08:16:02,55.1913,11.2428
2,9,2021-09-28 08:16:11,55.1909,11.2429
2,9,2021-09-28 08:16:22,55.1905,11.243
2,13,2021-09-27 18:49:13,55.191,11.2429
2,13,2021-09-27 18:49:23,55.1906,11.243
2,13,2021-09-27 18:49:32,55.1902,11.2431
2,15,2021-09-27 17:08:33,55.1928,11.2424
2,15,2021-09-27 17:08:44,55.1924,11.2425
2,15,2021-09-27 17:08:53,55.1921,11.2426
2,15,2021-09-27 17:09:04,55.1916,11.2427
2,15,2021-09-27 17:09:04,55.1917,11.2427
2,15,2021-09-27 17:09:10,55.1914,11.2428
2,15,2021-09-27 17:09:13,55.1913,11.2428
2,15,2021-09-27 17:09:14,55.1913,11.2428
2,15,2021-09-27 17:09:23,55.191,11.2429
2,15,2021-09-27 17:09:33,55.1906,11.243
2,17,2021-09-27 15:11:54,55.1934,11.2423
2,17,2021-09-27 15:12:04,55.193,11.2424
2,17,2021-09-27 15:12:14,55.1926,11.2424
2,17,2021-09-27 15:12:23,55.1923,11.2425
2,17,2021-09-27 15:12:33,55.1919,11.2426
2,17,2021-09-27 15:12:43,55.1915,11.2427
2,17,2021-09-27 15:12:54,55.1912,11.2428
2,17,2021-09-27 15:13:04,55.1907,11.2429
2,17,2021-09-27 15:13:13,55.1904,11.2429
2,19,2021-09-27 13:16:43,55.1932,11.2424
2,19,2021-09-27 13:16:52,55.1928,11.2424
2,19,2021-09-27 13:17:04,55.1924,11.2425
2,19,2021-09-27 13:17:13,55.1921,11.2426
2,19,2021-09-27 13:17:23,55.1917,11.2427
2,19,2021-09-27 13:17:31,55.1913,11.2428
2,19,2021-09-27 13:17:43,55.1909,11.2429
2,19,2021-09-27 13:17:54,55.1905,11.2429
2,19,2021-09-27 13:18:04,55.1902,11.243
2,21,2021-09-27 10:10:33,55.1947,11.242
2,21,2021-09-27 10:10:41,55.1944,11.2421
2,21,2021-09-27 10:10:54,55.1941,11.2422
2,21,2021-09-27 10:11:02,55.1938,11.2422
2,21,2021-09-27 10:11:13,55.1934,11.2423
2,21,2021-09-27 10:11:24,55.193,11.2424
2,21,2021-09-27 10:11:31,55.1928,11.2425
2,21,2021-09-27 10:11:33,55.1927,11.2425
2,21,2021-09-27 10:11:37,55.1926,11.2425
2,21,2021-09-27 10:11:40,55.1925,11.2425
2,21,2021-09-27 10:11:42,55.1924,11.2425
2,21,2021-09-27 10:11:49,55.1921,11.2426
2,21,2021-09-27 10:11:54,55.192,11.2426
2,21,2021-09-27 10:11:57,55.1919,11.2426
2,21,2021-09-27 10:12:00,55.1918,11.2426
2,21,2021-09-27 10:12:02,55.1917,11.2427
2,21,2021-09-27 10:12:13,55.1913,11.2427
2,21,2021-09-27 10:12:24,55.191,11.2428
2,21,2021-09-27 10:12:32,55.1906,11.2429
2,21,2021-09-27 10:12:42,55.1903,11.243
2,23,2021-09-27 08:10:44,55.1948,11.242
2,23,2021-09-27 08:10:54,55.1945,11.2421
2,23,2021-09-27 08:11:03,55.1941,11.2422
2,23,2021-09-27 08:11:13,55.1937,11.2422
2,23,2021-09-27 08:11:24,55.1934,11.2423
2,23,2021-09-27 08:11:33,55.1931,11.2424
2,23,2021-09-27 08:11:42,55.1927,11.2425
2,23,2021-09-27 08:11:54,55.1923,11.2426
2,23,2021-09-27 08:12:04,55.1919,11.2427
2,23,2021-09-27 08:12:13,55.1916,11.2427
2,23,2021-09-27 08:12:24,55.1912,11.2428
2,23,2021-09-27 08:12:32,55.1909,11.2429
2,23,2021-09-27 08:12:42,55.1905,11.243
2,25,2021-09-27 06:13:03,55.1941,11.2422
2,25,2021-09-27 06:13:13,55.1937,11.2422
2,25,2021-09-27 06:13:24,55.1933,11.2423
2,25,2021-09-27 06:13:33,55.193,11.2424
2,25,2021-09-27 06:13:42,55.1926,11.2425
2,25,2021-09-27 06:13:53,55.1923,11.2425
2,25,2021-09-27 06:14:03,55.1918,11.2426
2,25,2021-09-27 06:14:14,55.1914,11.2427
2,25,2021-09-27 06:14:24,55.1911,11.2428
2,25,2021-09-27 06:14:34,55.1907,11.2429
2,25,2021-09-27 06:14:43,55.1904,11.243
2,27,2021-09-27 04:08:03,55.1941,11.2421
2,27,2021-09-27 04:08:14,55.1937,11.2422
2,27,2021-09-27 04:08:24,55.1933,11.2423
2,27,2021-09-27 04:08:33,55.193,11.2424
2,27,2021-09-27 04:08:44,55.1927,11.2425
2,27,2021-09-27 04:08:53,55.1923,11.2425
2,27,2021-09-27 04:09:03,55.192,11.2426
2,27,2021-09-27 04:09:12,55.192,11.2426
2,27,2021-09-27 04:09:14,55.1916,11.2427
2,27,2021-09-27 04:09:24,55.1912,11.2428
2,27,2021-09-27 04:09:34,55.1909,11.2428
2,27,2021-09-27 04:09:44,55.1905,11.2429
2,27,2021-09-27 04:09:52,55.1902,11.243
2,28,2021-09-27 03:06:07,55.1874,11.17
2,28,2021-09-27 03:06:10,55.1874,11.1702
2,28,2021-09-27 03:06:11,55.1875,11.1703
2,28,2021-09-27 03:06:17,55.1875,11.1706
2,28,2021-09-27 03:06:19,55.1875,11.1708
2,28,2021-09-27 03:06:23,55.1875,11.1709
2,28,2021-09-27 03:06:26,55.1875,11.1711
2,31,2021-09-26 17:06:44,55.192,11.2426
2,31,2021-09-26 17:06:53,55.1917,11.2426
2,31,2021-09-26 17:07:03,55.1913,11.2427
2,31,2021-09-26 17:07:13,55.191,11.2428
2,31,2021-09-26 17:07:23,55.1905,11.2429
2,31,2021-09-26 17:07:33,55.1902,11.243
2,33,2021-09-26 15:10:24,55.1927,11.2424
2,33,2021-09-26 15:10:32,55.1924,11.2425
2,33,2021-09-26 15:10:44,55.1919,11.2426
2,33,2021-09-26 15:10:52,55.1916,11.2427
2,33,2021-09-26 15:11:04,55.1912,11.2428
2,33,2021-09-26 15:11:13,55.1908,11.2429
2,33,2021-09-26 15:11:24,55.1903,11.243
2,35,2021-09-26 13:08:23,55.1949,11.2419
2,35,2021-09-26 13:08:34,55.1946,11.242
2,35,2021-09-26 13:08:43,55.1942,11.2421
2,35,2021-09-26 13:08:53,55.1939,11.2422
2,35,2021-09-26 13:09:02,55.1939,11.2422
2,35,2021-09-26 13:09:03,55.1935,11.2423
2,35,2021-09-26 13:09:12,55.1932,11.2424
2,35,2021-09-26 13:09:23,55.1928,11.2424
2,35,2021-09-26 13:09:33,55.1925,11.2425
2,35,2021-09-26 13:09:43,55.1921,11.2426
2,35,2021-09-26 13:09:53,55.1918,11.2427
2,35,2021-09-26 13:10:03,55.1914,11.2428
2,35,2021-09-26 13:10:14,55.1911,11.2428
2,35,2021-09-26 13:10:23,55.1907,11.2429
2,35,2021-09-26 13:10:33,55.1903,11.243
2,37,2021-09-26 11:10:14,55.1949,11.242
2,37,2021-09-26 11:10:23,55.1946,11.242
2,37,2021-09-26 11:10:33,55.1942,11.2421
2,37,2021-09-26 11:10:42,55.1938,11.2422
2,37,2021-09-26 11:10:53,55.1934,11.2423
2,37,2021-09-26 11:11:03,55.1931,11.2424
2,37,2021-09-26 11:11:14,55.1926,11.2424
2,37,2021-09-26 11:11:23,55.1923,11.2425
2,37,2021-09-26 11:11:33,55.192,11.2426
2,37,2021-09-26 11:11:43,55.1916,11.2427
2,37,2021-09-26 11:11:52,55.1912,11.2428
2,37,2021-09-26 11:12:03,55.1908,11.2429
2,37,2021-09-26 11:12:14,55.1904,11.243
2,39,2021-09-26 09:11:43,55.1948,11.242
2,39,2021-09-26 09:11:52,55.1945,11.2421
2,39,2021-09-26 09:12:03,55.1941,11.2421
2,39,2021-09-26 09:12:14,55.1937,11.2422
2,39,2021-09-26 09:12:23,55.1933,11.2423
2,39,2021-09-26 09:12:32,55.193,11.2424
2,39,2021-09-26 09:12:43,55.1926,11.2425
2,39,2021-09-26 09:12:52,55.1923,11.2426
2,39,2021-09-26 09:13:03,55.1919,11.2426
2,39,2021-09-26 09:13:14,55.1915,11.2427
2,39,2021-09-26 09:13:23,55.1911,11.2428
2,39,2021-09-26 09:13:33,55.1908,11.2429
2,39,2021-09-26 09:13:43,55.1904,11.243
2,41,2021-09-26 07:10:53,55.1925,11.2425
2,41,2021-09-26 07:11:04,55.192,11.2426
2,41,2021-09-26 07:11:14,55.1916,11.2427
2,41,2021-09-26 07:11:23,55.1913,11.2428
2,41,2021-09-26 07:11:33,55.1908,11.2429
2,41,2021-09-26 07:11:43,55.1904,11.243
2,53,2021-09-25 09:13:15,55.1905,11.2429
2,59,2021-09-24 17:11:04,55.1931,11.2423
2,59,2021-09-24 17:11:09,55.1928,11.2424
2,59,2021-09-24 17:11:15,55.1927,11.2425
2,59,2021-09-24 17:11:25,55.1923,11.2425
2,59,2021-09-24 17:11:35,55.1919,11.2426
2,59,2021-09-24 17:11:45,55.1914,11.2427
2,59,2021-09-24 17:11:53,55.1911,11.2428
2,59,2021-09-24 17:12:04,55.1907,11.2429
2,59,2021-09-24 17:12:15,55.1903,11.243
2,61,2021-09-24 15:11:58,55.1922,11.2425
2,61,2021-09-24 15:12:01,55.192,11.2425
2,61,2021-09-24 15:12:05,55.1918,11.2425
2,61,2021-09-24 15:12:07,55.1917,11.2426
2,61,2021-09-24 15:12:11,55.1916,11.2426
2,61,2021-09-24 15:12:14,55.1915,11.2426
2,61,2021-09-24 15:12:18,55.1913,11.2427
2,61,2021-09-24 15:12:21,55.1911,11.2427
2,61,2021-09-24 15:12:25,55.1909,11.2428
2,61,2021-09-24 15:12:28,55.1909,11.2428
2,61,2021-09-24 15:12:31,55.1907,11.2428
2,61,2021-09-24 15:12:34,55.1906,11.2428
2,61,2021-09-24 15:12:41,55.1903,11.2429
2,63,2021-09-24 13:11:09,55.1907,11.2428
2,63,2021-09-24 13:11:11,55.1905,11.2428
2,63,2021-09-24 13:11:15,55.1904,11.2428
2,63,2021-09-24 13:11:19,55.1903,11.2429
2,63,2021-09-24 13:11:21,55.1902,11.2429
2,75,2021-09-23 10:13:59,55.1918,11.2426
2,75,2021-09-23 10:14:09,55.1914,11.2427
2,75,2021-09-23 10:14:18,55.191,11.2428
2,75,2021-09-23 10:14:29,55.1906,11.2429
2,77,2021-09-23 08:14:10,55.1913,11.2427
2,77,2021-09-23 08:14:19,55.1909,11.2429
2,77,2021-09-23 08:14:29,55.1905,11.243
2,79,2021-09-23 06:14:50,55.191,11.2429
2,79,2021-09-23 06:14:58,55.1906,11.2429
2,79,2021-09-23 06:15:09,55.1902,11.243
2,79,2021-09-23 06:15:10,55.1902,11.243
2,83,2021-09-22 16:46:59,55.1916,11.2427
2,83,2021-09-22 16:47:09,55.1912,11.2428
2,83,2021-09-22 16:47:20,55.1907,11.2429
2,83,2021-09-22 16:47:29,55.1904,11.243
2,85,2021-09-22 15:10:00,55.1922,11.2426
2,85,2021-09-22 15:10:10,55.1918,11.2426
2,85,2021-09-22 15:10:19,55.1914,11.2427
2,85,2021-09-22 15:10:30,55.191,11.2428
2,85,2021-09-22 15:10:39,55.1906,11.2429
2,87,2021-09-22 13:12:19,55.1908,11.2429
2,87,2021-09-22 13:12:29,55.1904,11.243
2,91,2021-09-22 08:10:30,55.1906,11.2429
3,1,2021-09-28 17:16:41,55.1812,11.1952
3,1,2021-09-28 17:16:51,55.1815,11.1945
3,1,2021-09-28 17:17:01,55.1818,11.1938
3,1,2021-09-28 17:17:12,55.1821,11.193
3,1,2021-09-28 17:17:21,55.1823,11.1923
3,1,2021-09-28 17:17:31,55.1826,11.1916
3,1,2021-09-28 17:17:41,55.1829,11.1908
3,1,2021-09-28 17:17:51,55.1832,11.1901
3,1,2021-09-28 17:18:01,55.1835,11.1894
3,1,2021-09-28 17:18:12,55.1838,11.1886
3,1,2021-09-28 17:18:21,55.1841,11.1879
3,1,2021-09-28 17:18:30,55.1844,11.1873
3,1,2021-09-28 17:18:41,55.1847,11.1864
3,1,2021-09-28 17:18:51,55.185,11.1857
3,1,2021-09-28 17:18:53,55.185,11.1855
3,1,2021-09-28 17:18:56,55.1851,11.1853
3,1,2021-09-28 17:19:01,55.1852,11.1849
3,1,2021-09-28 17:19:08,55.1854,11.1844
3,1,2021-09-28 17:19:12,55.1855,11.184
3,1,2021-09-28 17:19:15,55.1856,11.1838
3,1,2021-09-28 17:19:18,55.1856,11.1836
3,1,2021-09-28 17:19:21,55.1857,11.1833
3,1,2021-09-28 17:19:25,55.1858,11.183
3,1,2021-09-28 17:19:28,55.1858,11.1827
3,1,2021-09-28 17:19:31,55.1859,11.1826
3,1,2021-09-28 17:19:35,55.186,11.1822
3,1,2021-09-28 17:19:38,55.186,11.1819
3,1,2021-09-28 17:19:41,55.1861,11.1817
3,1,2021-09-28 17:19:44,55.1861,11.1814
3,1,2021-09-28 17:19:48,55.1862,11.1811
3,1,2021-09-28 17:19:51,55.1862,11.1808
3,1,2021-09-28 17:19:55,55.1863,11.1805
3,1,2021-09-28 17:19:58,55.1863,11.1802
3,1,2021-09-28 17:20:01,55.1864,11.18
3,1,2021-09-28 17:20:05,55.1865,11.1796
3,1,2021-09-28 17:20:08,55.1865,11.1794
3,1,2021-09-28 17:20:12,55.1866,11.1791
3,1,2021-09-28 17:20:18,55.1867,11.1785
3,1,2021-09-28 17:20:21,55.1867,11.1783
3,1,2021-09-28 17:20:31,55.1868,11.1775
3,1,2021-09-28 17:20:41,55.187,11.1766
3,1,2021-09-28 17:20:51,55.1871,11.1758
3,1,2021-09-28 17:21:01,55.1872,11.1749
3,1,2021-09-28 17:21:07,55.1872,11.1749
3,1,2021-09-28 17:21:11,55.1873,11.1741
3,1,2021-09-28 17:21:12,55.1873,11.174
3,1,2021-09-28 17:21:18,55.1874,11.1736
3,1,2021-09-28 17:21:21,55.1874,11.1732
3,1,2021-09-28 17:21:28,55.1875,11.1727
3,1,2021-09-28 17:21:31,55.1875,11.1725
3,3,2021-09-28 15:29:22,55.181,11.1957
3,3,2021-09-28 15:29:31,55.1812,11.1951
3,3,2021-09-28 15:29:41,55.1815,11.1944
3,3,2021-09-28 15:29:51,55.1818,11.1938
3,3,2021-09-28 15:30:02,55.1821,11.193
3,3,2021-09-28 15:30:11,55.1823,11.1925
3,3,2021-09-28 15:30:31,55.1829,11.1911
3,3,2021-09-28 15:30:41,55.1831,11.1904
3,3,2021-09-28 15:30:52,55.1834,11.1897
3,3,2021-09-28 15:31:02,55.1837,11.189
3,3,2021-09-28 15:31:11,55.1839,11.1885
3,3,2021-09-28 15:31:21,55.1842,11.1877
3,3,2021-09-28 15:31:31,55.1845,11.1871
3,3,2021-09-28 15:31:41,55.1847,11.1864
3,3,2021-09-28 15:31:52,55.185,11.1857
3,3,2021-09-28 15:31:54,55.1851,11.1855
3,3,2021-09-28 15:31:58,55.1851,11.1853
3,3,2021-09-28 15:32:02,55.1852,11.185
3,3,2021-09-28 15:32:08,55.1854,11.1846
3,3,2021-09-28 15:32:11,55.1854,11.1844
3,3,2021-09-28 15:32:15,55.1855,11.1841
3,3,2021-09-28 15:32:18,55.1856,11.1838
3,3,2021-09-28 15:32:21,55.1856,11.1836
3,3,2021-09-28 15:32:25,55.1857,11.1833
3,3,2021-09-28 15:32:28,55.1857,11.1831
3,3,2021-09-28 15:32:31,55.1858,11.1829
3,3,2021-09-28 15:32:34,55.1858,11.1827
3,3,2021-09-28 15:32:38,55.1859,11.1824
3,3,2021-09-28 15:32:41,55.1859,11.1821
3,3,2021-09-28 15:32:45,55.186,11.1819
3,3,2021-09-28 15:32:48,55.186,11.1816
3,3,2021-09-28 15:32:52,55.1861,11.1814
3,3,2021-09-28 15:32:55,55.1862,11.1811
3,3,2021-09-28 15:32:58,55.1862,11.1809
3,3,2021-09-28 15:33:02,55.1863,11.1806
3,3,2021-09-28 15:33:05,55.1863,11.1804
3,3,2021-09-28 15:33:08,55.1863,11.1802
3,5,2021-09-28 13:34:40,55.1811,11.1955
3,5,2021-09-28 13:34:51,55.1814,11.1948
3,5,2021-09-28 13:35:01,55.1816,11.1943
3,7,2021-09-28 10:29:32,55.1812,11.1953
3,7,2021-09-28 10:29:41,55.1814,11.1947
3,7,2021-09-28 10:29:51,55.1817,11.194
3,7,2021-09-28 10:30:02,55.182,11.1933
3,7,2021-09-28 10:30:11,55.1822,11.1927
3,7,2021-09-28 10:30:21,55.1825,11.192
3,7,2021-09-28 10:30:32,55.1828,11.1913
3,7,2021-09-28 10:30:39,55.183,11.1907
3,7,2021-09-28 10:30:51,55.1833,11.19
3,7,2021-09-28 10:31:02,55.1836,11.1893
3,7,2021-09-28 10:31:11,55.1838,11.1887
3,7,2021-09-28 10:31:21,55.1841,11.1879
3,7,2021-09-28 10:31:30,55.1844,11.1872
3,7,2021-09-28 10:31:41,55.1846,11.1866
3,7,2021-09-28 10:31:51,55.1849,11.1859
3,7,2021-09-28 10:31:59,55.1851,11.1853
3,7,2021-09-28 10:32:02,55.1852,11.1851
3,7,2021-09-28 10:32:08,55.1853,11.1846
3,7,2021-09-28 10:32:11,55.1854,11.1845
3,7,2021-09-28 10:32:15,55.1855,11.1841
3,7,2021-09-28 10:32:21,55.1856,11.1836
3,7,2021-09-28 10:32:28,55.1857,11.1832
3,7,2021-09-28 10:32:31,55.1858,11.1829
3,7,2021-09-28 10:32:33,55.1858,11.1826
3,7,2021-09-28 10:32:38,55.1859,11.1823
3,9,2021-09-28 08:35:20,55.1811,11.1955
3,9,2021-09-28 08:35:31,55.1814,11.1948
3,9,2021-09-28 08:35:41,55.1816,11.1942
3,9,2021-09-28 08:35:52,55.1819,11.1936
3,10,2021-09-28 07:30:32,55.1826,11.2447
3,10,2021-09-28 07:30:41,55.183,11.2446
3,11,2021-09-28 06:33:01,55.1811,11.1956
3,11,2021-09-28 06:33:11,55.1813,11.1949
3,11,2021-09-28 06:33:14,55.1813,11.1949
3,11,2021-09-28 06:33:21,55.1816,11.1943
3,11,2021-09-28 06:33:32,55.1818,11.1936
3,11,2021-09-28 06:33:42,55.1821,11.1931
3,11,2021-09-28 06:33:52,55.1823,11.1925
3,11,2021-09-28 06:34:01,55.1826,11.1919
3,11,2021-09-28 06:34:11,55.1828,11.1912
3,11,2021-09-28 06:34:21,55.183,11.1906
3,11,2021-09-28 06:34:32,55.1833,11.1899
3,11,2021-09-28 06:34:42,55.1835,11.1894
3,11,2021-09-28 06:34:51,55.1838,11.1887
3,11,2021-09-28 06:35:01,55.184,11.1881
3,12,2021-09-28 05:28:52,55.1827,11.2448
3,12,2021-09-28 05:29:02,55.1831,11.2446
3,12,2021-09-28 05:29:12,55.1836,11.2445
3,12,2021-09-28 05:29:20,55.1839,11.2444
3,12,2021-09-28 05:29:31,55.1844,11.2443
3,12,2021-09-28 05:29:41,55.1849,11.2442
3,12,2021-09-28 05:29:52,55.1853,11.2441
3,12,2021-09-28 05:30:02,55.1858,11.244
3,12,2021-09-28 05:30:12,55.1863,11.2439
3,12,2021-09-28 05:30:20,55.1866,11.2439
3,12,2021-09-28 05:30:31,55.1871,11.2438
3,12,2021-09-28 05:30:41,55.1876,11.2436
3,13,2021-09-27 19:05:34,55.1811,11.1955
3,13,2021-09-27 19:05:43,55.1813,11.1949
3,13,2021-09-27 19:05:54,55.1817,11.194
3,13,2021-09-27 19:06:03,55.182,11.1933
3,13,2021-09-27 19:06:14,55.1823,11.1926
3,13,2021-09-27 19:06:22,55.1826,11.1919
3,13,2021-09-27 19:06:34,55.1829,11.191
3,13,2021-09-27 19:06:43,55.1832,11.1903
3,13,2021-09-27 19:06:54,55.1835,11.1894
3,13,2021-09-27 19:07:03,55.1838,11.1887
3,13,2021-09-27 19:07:14,55.1841,11.1879
3,13,2021-09-27 19:07:22,55.1844,11.1872
3,13,2021-09-27 19:07:34,55.1847,11.1863
3,13,2021-09-27 19:07:43,55.185,11.1856
3,13,2021-09-27 19:07:47,55.1851,11.1852
3,13,2021-09-27 19:07:51,55.1852,11.1849
3,13,2021-09-27 19:07:54,55.1853,11.1847
3,13,2021-09-27 19:07:58,55.1854,11.1844
3,13,2021-09-27 19:08:00,55.1854,11.1842
3,13,2021-09-27 19:08:02,55.1855,11.184
3,13,2021-09-27 19:08:06,55.1856,11.1836
3,13,2021-09-27 19:08:10,55.1857,11.1833
3,13,2021-09-27 19:08:14,55.1857,11.183
3,13,2021-09-27 19:08:17,55.1858,11.1827
3,13,2021-09-27 19:08:20,55.1859,11.1824
3,13,2021-09-27 19:08:22,55.1859,11.1822
3,13,2021-09-27 19:08:26,55.186,11.1818
3,13,2021-09-27 19:08:30,55.1861,11.1816
3,13,2021-09-27 19:08:34,55.1862,11.1811
3,13,2021-09-27 19:08:37,55.1862,11.1809
3,13,2021-09-27 19:08:40,55.1863,11.1805
3,13,2021-09-27 19:08:43,55.1863,11.1803
3,13,2021-09-27 19:08:47,55.1864,11.18
3,13,2021-09-27 19:08:50,55.1865,11.1796
3,13,2021-09-27 19:08:54,55.1865,11.1792
3,13,2021-09-27 19:08:57,55.1866,11.179
3,13,2021-09-27 19:09:00,55.1866,11.1787
3,13,2021-09-27 19:09:02,55.1867,11.1785
3,13,2021-09-27 19:09:05,55.1867,11.1785
3,13,2021-09-27 19:09:10,55.1868,11.1778
3,14,2021-09-27 18:24:30,55.1826,11.2447
3,14,2021-09-27 18:24:33,55.1828,11.2447
3,14,2021-09-27 18:24:42,55.1833,11.2446
3,14,2021-09-27 18:24:53,55.1838,11.2444
3,14,2021-09-27 18:25:04,55.1843,11.2443
3,14,2021-09-27 18:25:10,55.1846,11.2442
3,14,2021-09-27 18:25:13,55.1847,11.2442
3,14,2021-09-27 18:25:17,55.1849,11.2442
3,14,2021-09-27 18:25:23,55.1853,11.2441
3,14,2021-09-27 18:25:24,55.1853,11.244
3,14,2021-09-27 18:25:30,55.1856,11.244
3,15,2021-09-27 17:28:03,55.1812,11.1954
3,15,2021-09-27 17:28:14,55.1815,11.1946
3,15,2021-09-27 17:28:23,55.1817,11.1939
3,17,2021-09-27 15:31:44,55.181,11.1957
3,19,2021-09-27 13:36:03,55.181,11.1958
3,19,2021-09-27 13:36:12,55.1812,11.1952
3,19,2021-09-27 13:36:23,55.1815,11.1945
3,19,2021-09-27 13:36:33,55.1818,11.1938
3,29,2021-09-26 19:16:43,55.181,11.1958
3,29,2021-09-26 19:16:53,55.1813,11.195
3,29,2021-09-26 19:17:03,55.1816,11.1942
3,29,2021-09-26 19:17:12,55.1819,11.1935
3,29,2021-09-26 19:17:24,55.1822,11.1926
3,29,2021-09-26 19:17:34,55.1825,11.1919
3,29,2021-09-26 19:17:43,55.1828,11.1912
3,29,2021-09-26 19:17:53,55.1831,11.1904
3,29,2021-09-26 19:18:03,55.1835,11.1896
3,29,2021-09-26 19:18:12,55.1837,11.1889
3,29,2021-09-26 19:18:24,55.1841,11.188
3,29,2021-09-26 19:18:33,55.1844,11.1873
3,29,2021-09-26 19:18:43,55.1847,11.1865
3,29,2021-09-26 19:18:53,55.185,11.1857
3,29,2021-09-26 19:18:56,55.1851,11.1854
3,29,2021-09-26 19:18:59,55.1852,11.1852
3,29,2021-09-26 19:19:03,55.1853,11.1848
3,29,2021-09-26 19:19:10,55.1855,11.1842
3,29,2021-09-26 19:19:12,55.1855,11.1841
3,29,2021-09-26 19:19:17,55.1856,11.1837
3,29,2021-09-26 19:19:24,55.1858,11.183
3,29,2021-09-26 19:19:30,55.1859,11.1825
3,29,2021-09-26 19:19:33,55.186,11.1822
3,29,2021-09-26 19:19:37,55.186,11.1819
3,29,2021-09-26 19:19:40,55.1861,11.1816
3,29,2021-09-26 19:19:43,55.1861,11.1813
3,29,2021-09-26 19:19:46,55.1862,11.181
3,29,2021-09-26 19:19:50,55.1863,11.1807
3,29,2021-09-26 19:19:53,55.1863,11.1803
3,29,2021-09-26 19:19:57,55.1864,11.18
3,29,2021-09-26 19:20:00,55.1864,11.1796
3,29,2021-09-26 19:20:03,55.1865,11.1794
3,29,2021-09-26 19:20:07,55.1865,11.1791
3,29,2021-09-26 19:20:10,55.1866,11.1787
3,29,2021-09-26 19:20:13,55.1867,11.1784
3,29,2021-09-26 19:20:24,55.1869,11.1774
3,29,2021-09-26 19:20:34,55.187,11.1766
3,29,2021-09-26 19:20:43,55.1871,11.1757
3,29,2021-09-26 19:20:53,55.1873,11.1747
3,29,2021-09-26 19:21:03,55.1874,11.1737
3,29,2021-09-26 19:21:05,55.1874,11.1737
3,29,2021-09-26 19:21:13,55.1875,11.1728
3,29,2021-09-26 19:21:20,55.1875,11.1722
3,29,2021-09-26 19:21:23,55.1875,11.1718
3,31,2021-09-26 17:26:04,55.181,11.1958
3,31,2021-09-26 17:26:12,55.1812,11.1953
3,31,2021-09-26 17:26:24,55.1815,11.1945
3,31,2021-09-26 17:26:33,55.1817,11.1939
3,33,2021-09-26 15:29:23,55.1812,11.1954
3,33,2021-09-26 15:29:33,55.1814,11.1947
3,33,2021-09-26 15:29:44,55.1817,11.194
3,33,2021-09-26 15:29:52,55.1819,11.1934
3,33,2021-09-26 15:30:03,55.1822,11.1927
3,33,2021-09-26 15:30:14,55.1825,11.192
3,41,2021-09-26 07:28:53,55.181,11.1957
3,41,2021-09-26 07:29:03,55.1813,11.195
3,41,2021-09-26 07:29:23,55.1819,11.1935
3,41,2021-09-26 07:29:33,55.1822,11.1928
3,41,2021-09-26 07:29:44,55.1825,11.192
3,41,2021-09-26 07:29:52,55.1827,11.1914
3,41,2021-09-26 07:30:03,55.183,11.1907
3,41,2021-09-26 07:30:12,55.1833,11.19
3,41,2021-09-26 07:30:23,55.1836,11.1892
3,41,2021-09-26 07:30:33,55.1839,11.1885
3,41,2021-09-26 07:30:43,55.1842,11.1877
3,41,2021-09-26 07:30:53,55.1845,11.1871
3,43,2021-09-25 19:03:14,55.1812,11.1953
3,43,2021-09-25 19:03:34,55.1817,11.194
3,43,2021-09-25 19:03:38,55.1818,11.1938
3,43,2021-09-25 19:03:40,55.1819,11.1936
3,43,2021-09-25 19:03:43,55.1819,11.1934
3,43,2021-09-25 19:03:45,55.1819,11.1934
3,43,2021-09-25 19:03:48,55.182,11.1931
3,43,2021-09-25 19:03:55,55.1822,11.1927
3,43,2021-09-25 19:04:01,55.1823,11.1924
3,43,2021-09-25 19:04:03,55.1824,11.1922
3,43,2021-09-25 19:04:14,55.1827,11.1915
3,43,2021-09-25 19:04:34,55.1832,11.1902
3,43,2021-09-25 19:04:43,55.1834,11.1896
3,43,2021-09-25 19:04:53,55.1837,11.1889
3,43,2021-09-25 19:05:03,55.1839,11.1883
3,43,2021-09-25 19:05:15,55.1842,11.1876
3,43,2021-09-25 19:05:25,55.1845,11.1869
3,43,2021-09-25 19:05:34,55.1848,11.1863
3,43,2021-09-25 19:05:43,55.185,11.1857
3,43,2021-09-25 19:05:46,55.185,11.1856
3,43,2021-09-25 19:05:51,55.1851,11.1852
3,43,2021-09-25 19:05:53,55.1852,11.1851
3,43,2021-09-25 19:05:53,55.1852,11.185
3,43,2021-09-25 19:05:57,55.1853,11.1848
3,43,2021-09-25 19:06:01,55.1854,11.1845
3,43,2021-09-25 19:06:03,55.1854,11.1843
3,43,2021-09-25 19:06:08,55.1855,11.184
3,43,2021-09-25 19:06:11,55.1855,11.1838
3,43,2021-09-25 19:06:15,55.1856,11.1835
3,43,2021-09-25 19:06:17,55.1857,11.1833
3,43,2021-09-25 19:06:21,55.1857,11.183
3,43,2021-09-25 19:06:28,55.1858,11.1826
3,43,2021-09-25 19:06:31,55.1859,11.1823
3,43,2021-09-25 19:06:34,55.186,11.1821
3,43,2021-09-25 19:06:38,55.186,11.1818
3,43,2021-09-25 19:06:41,55.1861,11.1815
3,43,2021-09-25 19:06:43,55.1861,11.1814
3,43,2021-09-25 19:06:48,55.1861,11.1811
3,43,2021-09-25 19:06:51,55.1862,11.1808
3,43,2021-09-25 19:06:55,55.1862,11.1805
3,43,2021-09-25 19:06:56,55.1863,11.1803
3,43,2021-09-25 19:07:01,55.1863,11.18
3,43,2021-09-25 19:07:03,55.1864,11.1799
3,43,2021-09-25 19:07:11,55.1865,11.1793
3,43,2021-09-25 19:07:15,55.1865,11.179
3,43,2021-09-25 19:07:24,55.1867,11.1783
3,44,2021-09-25 18:20:54,55.1828,11.2447
3,44,2021-09-25 18:21:04,55.1833,11.2446
3,44,2021-09-25 18:21:07,55.1833,11.2446
3,44,2021-09-25 18:21:13,55.1836,11.2445
3,44,2021-09-25 18:21:25,55.1841,11.2444
3,44,2021-09-25 18:21:33,55.1845,11.2443
3,44,2021-09-25 18:21:44,55.1849,11.2442
3,44,2021-09-25 18:21:53,55.1854,11.2441
3,44,2021-09-25 18:22:04,55.1858,11.244
3,44,2021-09-25 18:22:15,55.1862,11.244
3,44,2021-09-25 18:22:25,55.1867,11.2439
3,44,2021-09-25 18:22:34,55.187,11.2438
3,44,2021-09-25 18:22:44,55.1874,11.2437
3,44,2021-09-25 18:22:53,55.1879,11.2436
3,44,2021-09-25 18:23:04,55.1883,11.2434
3,44,2021-09-25 18:23:15,55.1887,11.2433
3,44,2021-09-25 18:23:17,55.1888,11.2433
3,44,2021-09-25 18:23:20,55.1889,11.2433
3,44,2021-09-25 18:23:25,55.1891,11.2432
3,45,2021-09-25 17:29:05,55.1811,11.1955
3,45,2021-09-25 17:29:14,55.1813,11.195
3,46,2021-09-25 16:27:47,55.1826,11.2447
3,46,2021-09-25 16:27:51,55.1828,11.2447
3,46,2021-09-25 16:27:53,55.1828,11.2447
3,46,2021-09-25 16:27:55,55.1829,11.2447
3,46,2021-09-25 16:27:58,55.183,11.2446
3,46,2021-09-25 16:28:04,55.1833,11.2446
3,46,2021-09-25 16:28:11,55.1835,11.2446
3,46,2021-09-25 16:28:15,55.1837,11.2445
3,46,2021-09-25 16:28:24,55.184,11.2445
3,46,2021-09-25 16:28:34,55.1844,11.2444
3,46,2021-09-25 16:28:44,55.1848,11.2443
3,46,2021-09-25 16:28:54,55.1851,11.2442
3,46,2021-09-25 16:29:04,55.1856,11.2441
3,47,2021-09-25 15:30:34,55.1811,11.1954
3,47,2021-09-25 15:30:44,55.1813,11.1949
3,47,2021-09-25 15:30:55,55.1816,11.1943
3,47,2021-09-25 15:31:05,55.1818,11.1938
3,47,2021-09-25 15:31:14,55.182,11.1933
3,47,2021-09-25 15:31:25,55.1822,11.1928
3,47,2021-09-25 15:31:34,55.1824,11.1923
3,47,2021-09-25 15:31:44,55.1826,11.1917
3,47,2021-09-25 15:31:55,55.1828,11.1912
3,47,2021-09-25 15:32:05,55.183,11.1906
3,47,2021-09-25 15:32:14,55.1832,11.1901
3,48,2021-09-25 14:28:24,55.1826,11.2448
3,48,2021-09-25 14:28:34,55.183,11.2447
3,48,2021-09-25 14:28:44,55.1834,11.2445
3,48,2021-09-25 14:28:54,55.1838,11.2445
3,48,2021-09-25 14:29:04,55.1842,11.2444
3,48,2021-09-25 14:29:14,55.1846,11.2443
3,48,2021-09-25 14:29:24,55.185,11.2442
3,48,2021-09-25 14:29:34,55.1854,11.2441
3,48,2021-09-25 14:29:45,55.1858,11.244
3,48,2021-09-25 14:29:54,55.1862,11.2439
3,48,2021-09-25 14:30:03,55.1866,11.2439
3,48,2021-09-25 14:30:14,55.187,11.2438
3,48,2021-09-25 14:30:23,55.1874,11.2437
3,49,2021-09-25 13:29:45,55.181,11.1957
3,49,2021-09-25 13:29:55,55.1813,11.1951
3,49,2021-09-25 13:30:05,55.1814,11.1947
3,49,2021-09-25 13:30:14,55.1816,11.1942
3,49,2021-09-25 13:30:25,55.1818,11.1936
3,49,2021-09-25 13:30:34,55.182,11.1931
3,49,2021-09-25 13:30:45,55.1822,11.1927
3,49,2021-09-25 13:30:55,55.1824,11.1921
3,49,2021-09-25 13:31:05,55.1826,11.1917
3,49,2021-09-25 13:31:14,55.1828,11.1912
3,50,2021-09-25 12:27:54,55.1826,11.2447
3,50,2021-09-25 12:28:04,55.183,11.2446
3,50,2021-09-25 12:28:14,55.1834,11.2445
3,50,2021-09-25 12:28:25,55.1838,11.2444
3,50,2021-09-25 12:28:33,55.1841,11.2444
3,50,2021-09-25 12:28:44,55.1845,11.2443
3,50,2021-09-25 12:28:54,55.1849,11.2442
3,50,2021-09-25 12:29:04,55.1853,11.2441
3,50,2021-09-25 12:29:14,55.1857,11.244
3,50,2021-09-25 12:29:25,55.1862,11.2439
3,50,2021-09-25 12:29:33,55.1865,11.2439
3,50,2021-09-25 12:29:44,55.1869,11.2438
3,50,2021-09-25 12:29:54,55.1873,11.2437
3,50,2021-09-25 12:30:03,55.1876,11.2436
3,50,2021-09-25 12:30:05,55.1878,11.2436
3,51,2021-09-25 11:30:34,55.1811,11.1954
3,51,2021-09-25 11:30:45,55.1813,11.1949
3,52,2021-09-25 10:30:34,55.1827,11.2448
3,52,2021-09-25 10:30:44,55.1831,11.2447
3,52,2021-09-25 10:30:53,55.1835,11.2446
3,52,2021-09-25 10:31:05,55.1839,11.2444
3,52,2021-09-25 10:31:14,55.1843,11.2444
3,54,2021-09-25 08:29:24,55.1828,11.2447
3,54,2021-09-25 08:29:34,55.1832,11.2446
3,54,2021-09-25 08:29:44,55.1835,11.2445
3,54,2021-09-25 08:29:54,55.1839,11.2444
3,56,2021-09-25 06:29:35,55.1829,11.2447
3,56,2021-09-25 06:29:44,55.1832,11.2446
3,56,2021-09-25 06:29:55,55.1837,11.2445
3,56,2021-09-25 06:30:03,55.184,11.2444
3,56,2021-09-25 06:30:14,55.1844,11.2443
3,56,2021-09-25 06:30:22,55.1848,11.2442
3,57,2021-09-24 19:17:34,55.1812,11.1952
3,57,2021-09-24 19:17:44,55.1815,11.1945
3,57,2021-09-24 19:17:53,55.1818,11.1938
3,57,2021-09-24 19:18:04,55.1821,11.1931
3,57,2021-09-24 19:18:16,55.1824,11.1924
3,57,2021-09-24 19:18:24,55.1826,11.1917
3,57,2021-09-24 19:18:44,55.1832,11.1903
3,57,2021-09-24 19:18:53,55.1834,11.1896
3,57,2021-09-24 19:19:04,55.1837,11.1889
3,57,2021-09-24 19:19:14,55.184,11.1881
3,57,2021-09-24 19:19:24,55.1843,11.1875
3,57,2021-09-24 19:19:34,55.1845,11.1868
3,57,2021-09-24 19:19:45,55.1849,11.186
3,57,2021-09-24 19:19:53,55.1851,11.1854
3,57,2021-09-24 19:19:55,55.1851,11.1853
3,57,2021-09-24 19:20:01,55.1852,11.1849
3,57,2021-09-24 19:20:03,55.1853,11.1847
3,57,2021-09-24 19:20:07,55.1854,11.1844
3,57,2021-09-24 19:20:11,55.1855,11.1841
3,57,2021-09-24 19:20:14,55.1855,11.1839
3,57,2021-09-24 19:20:18,55.1856,11.1836
3,57,2021-09-24 19:20:21,55.1857,11.1834
3,57,2021-09-24 19:20:24,55.1857,11.1832
3,57,2021-09-24 19:20:28,55.1858,11.1828
3,57,2021-09-24 19:20:31,55.1858,11.1826
3,57,2021-09-24 19:20:34,55.1859,11.1824
3,57,2021-09-24 19:20:38,55.186,11.182
3,57,2021-09-24 19:20:41,55.186,11.1819
3,57,2021-09-24 19:20:45,55.1861,11.1815
3,57,2021-09-24 19:20:47,55.1861,11.1813
3,57,2021-09-24 19:20:51,55.1862,11.181
3,57,2021-09-24 19:20:53,55.1862,11.1809
3,57,2021-09-24 19:20:58,55.1863,11.1805
3,57,2021-09-24 19:21:01,55.1863,11.1803
3,57,2021-09-24 19:21:03,55.1863,11.1801
3,57,2021-09-24 19:21:07,55.1864,11.1797
3,57,2021-09-24 19:21:11,55.1865,11.1794
3,58,2021-09-24 18:21:54,55.1828,11.2447
3,58,2021-09-24 18:22:05,55.1832,11.2446
3,58,2021-09-24 18:22:13,55.1835,11.2445
3,58,2021-09-24 18:22:23,55.184,11.2444
3,59,2021-09-24 17:30:54,55.1811,11.1953
3,59,2021-09-24 17:31:04,55.1814,11.1947
3,61,2021-09-24 15:30:44,55.181,11.1956
3,61,2021-09-24 15:30:54,55.1813,11.195
3,61,2021-09-24 15:31:03,55.1815,11.1944
3,61,2021-09-24 15:31:15,55.1818,11.1936
3,61,2021-09-24 15:31:24,55.182,11.1931
3,61,2021-09-24 15:31:34,55.1823,11.1924
3,61,2021-09-24 15:31:44,55.1825,11.1918
3,61,2021-09-24 15:31:54,55.1828,11.1912
3,62,2021-09-24 14:32:43,55.1829,11.2447
3,62,2021-09-24 14:32:54,55.1834,11.2446
3,62,2021-09-24 14:33:04,55.1838,11.2445
3,62,2021-09-24 14:33:14,55.1841,11.2444
3,64,2021-09-24 12:29:34,55.1828,11.2447
3,64,2021-09-24 12:29:44,55.1832,11.2446
3,64,2021-09-24 12:29:53,55.1836,11.2445
3,64,2021-09-24 12:30:04,55.184,11.2444
3,64,2021-09-24 12:30:14,55.1844,11.2443
3,64,2021-09-24 12:30:24,55.1848,11.2442
3,64,2021-09-24 12:30:34,55.1852,11.2441
3,64,2021-09-24 12:30:44,55.1856,11.244
3,64,2021-09-24 12:30:53,55.186,11.244
3,64,2021-09-24 12:31:05,55.1864,11.2439
3,64,2021-09-24 12:31:14,55.1868,11.2438
3,64,2021-09-24 12:31:24,55.1872,11.2437
3,65,2021-09-24 10:31:05,55.181,11.1956
3,65,2021-09-24 10:31:14,55.1812,11.1952
3,65,2021-09-24 10:31:24,55.1813,11.1948
3,65,2021-09-24 10:31:34,55.1815,11.1944
3,66,2021-09-24 09:27:05,55.1828,11.2448
3,66,2021-09-24 09:27:15,55.1831,11.2447
3,66,2021-09-24 09:27:24,55.1835,11.2446
3,66,2021-09-24 09:27:35,55.184,11.2445
3,66,2021-09-24 09:27:43,55.1843,11.2444
3,66,2021-09-24 09:27:53,55.1847,11.2443
3,66,2021-09-24 09:28:05,55.1852,11.2442
3,66,2021-09-24 09:28:15,55.1856,11.2441
3,66,2021-09-24 09:28:25,55.1859,11.244
3,66,2021-09-24 09:28:35,55.1864,11.2439
3,66,2021-09-24 09:28:43,55.1867,11.2438
3,66,2021-09-24 09:28:53,55.1871,11.2437
3,66,2021-09-24 09:29:05,55.1876,11.2436
3,66,2021-09-24 09:29:14,55.188,11.2436
3,66,2021-09-24 09:29:25,55.1883,11.2435
3,66,2021-09-24 09:29:35,55.1887,11.2434
3,66,2021-09-24 09:29:43,55.1891,11.2433
3,66,2021-09-24 09:29:53,55.1894,11.2432
3,66,2021-09-24 09:30:05,55.1899,11.2431
3,66,2021-09-24 09:30:15,55.1903,11.243
3,66,2021-09-24 09:30:24,55.1907,11.2429
3,68,2021-09-24 07:30:34,55.1827,11.2448
3,68,2021-09-24 07:30:45,55.1832,11.2446
3,68,2021-09-24 07:30:54,55.1836,11.2446
3,68,2021-09-24 07:31:03,55.1839,11.2445
3,68,2021-09-24 07:31:15,55.1844,11.2444
3,68,2021-09-24 07:31:24,55.1848,11.2443
3,68,2021-09-24 07:31:34,55.1852,11.2442
3,68,2021-09-24 07:31:44,55.1857,11.2441
3,68,2021-09-24 07:31:54,55.1861,11.244
3,68,2021-09-24 07:32:04,55.1864,11.2439
3,68,2021-09-24 07:32:25,55.1873,11.2437
3,68,2021-09-24 07:32:33,55.1877,11.2436
3,68,2021-09-24 07:32:45,55.1881,11.2435
3,68,2021-09-24 07:32:54,55.1885,11.2434
3,68,2021-09-24 07:33:04,55.1889,11.2433
3,68,2021-09-24 07:33:13,55.1889,11.2433
3,68,2021-09-24 07:33:14,55.1893,11.2432
3,68,2021-09-24 07:33:25,55.1898,11.2431
3,68,2021-09-24 07:33:34,55.1902,11.243
3,68,2021-09-24 07:33:45,55.1906,11.2429
3,68,2021-09-24 07:33:54,55.191,11.2429
3,68,2021-09-24 07:34:04,55.1913,11.2428
3,68,2021-09-24 07:34:24,55.1921,11.2427
3,68,2021-09-24 07:34:25,55.1921,11.2427
3,68,2021-09-24 07:34:30,55.1923,11.2426
3,68,2021-09-24 07:34:31,55.1923,11.2426
3,68,2021-09-24 07:34:34,55.1924,11.2426
3,68,2021-09-24 07:34:38,55.1925,11.2425
3,68,2021-09-24 07:34:41,55.1926,11.2425
3,68,2021-09-24 07:34:45,55.1928,11.2425
3,69,2021-09-24 06:33:35,55.1811,11.1955
3,69,2021-09-24 06:33:44,55.1812,11.1951
3,69,2021-09-24 06:33:54,55.1814,11.1947
3,69,2021-09-24 06:34:05,55.1816,11.1942
3,69,2021-09-24 06:34:14,55.1818,11.1938
3,69,2021-09-24 06:34:25,55.182,11.1933
3,69,2021-09-24 06:34:35,55.1821,11.1929
3,70,2021-09-24 05:26:35,55.1829,11.2447
3,70,2021-09-24 05:26:43,55.1833,11.2446
3,70,2021-09-24 05:26:53,55.1837,11.2445
3,70,2021-09-24 05:27:05,55.1842,11.2444
3,70,2021-09-24 05:27:15,55.1846,11.2443
3,70,2021-09-24 05:27:24,55.185,11.2442
3,70,2021-09-24 05:27:35,55.1854,11.2441
3,70,2021-09-24 05:27:43,55.1858,11.2441
3,70,2021-09-24 05:27:53,55.1862,11.244
3,70,2021-09-24 05:28:05,55.1867,11.2438
3,70,2021-09-24 05:28:15,55.1871,11.2437
3,70,2021-09-24 05:28:24,55.1875,11.2436
3,70,2021-09-24 05:28:35,55.1879,11.2435
3,70,2021-09-24 05:28:43,55.1883,11.2434
3,70,2021-09-24 05:28:53,55.1887,11.2433
3,70,2021-09-24 05:29:05,55.1892,11.2432
3,70,2021-09-24 05:29:15,55.1896,11.2432
3,70,2021-09-24 05:29:24,55.19,11.2431
3,70,2021-09-24 05:29:35,55.1904,11.243
3,70,2021-09-24 05:29:43,55.1907,11.2429
3,70,2021-09-24 05:29:53,55.1911,11.2428
3,70,2021-09-24 05:30:05,55.1915,11.2427
3,70,2021-09-24 05:30:15,55.1919,11.2427
3,70,2021-09-24 05:30:24,55.1922,11.2426
3,70,2021-09-24 05:30:35,55.1926,11.2424
3,70,2021-09-24 05:30:43,55.1929,11.2424
3,70,2021-09-24 05:30:53,55.1932,11.2423
3,70,2021-09-24 05:30:57,55.1934,11.2423
3,70,2021-09-24 05:31:05,55.1937,11.2422
3,71,2021-09-24 04:29:54,55.181,11.1957
3,72,2021-09-24 03:27:04,55.1828,11.2447
3,72,2021-09-24 03:27:15,55.1832,11.2446
3,72,2021-09-24 03:27:23,55.1835,11.2446
3,72,2021-09-24 03:27:34,55.1838,11.2445
3,72,2021-09-24 03:27:44,55.1842,11.2444
3,72,2021-09-24 03:27:54,55.1845,11.2443
3,72,2021-09-24 03:28:04,55.1848,11.2443
3,72,2021-09-24 03:28:15,55.1852,11.2442
3,72,2021-09-24 03:28:25,55.1855,11.2441
3,74,2021-09-23 12:38:10,55.1829,11.2447
3,74,2021-09-23 12:38:19,55.1833,11.2446
3,74,2021-09-23 12:38:30,55.1837,11.2445
3,74,2021-09-23 12:38:40,55.1841,11.2444
3,74,2021-09-23 12:38:49,55.1844,11.2443
3,74,2021-09-23 12:38:59,55.1848,11.2442
3,74,2021-09-23 12:39:07,55.1848,11.2442
3,74,2021-09-23 12:39:10,55.1853,11.2441
3,74,2021-09-23 12:39:19,55.1856,11.2441
3,74,2021-09-23 12:39:30,55.186,11.244
3,74,2021-09-23 12:39:40,55.1865,11.2439
3,74,2021-09-23 12:39:49,55.1868,11.2438
3,76,2021-09-23 09:31:36,55.1826,11.2448
3,76,2021-09-23 09:31:39,55.1827,11.2447
3,76,2021-09-23 09:31:50,55.1831,11.2446
3,76,2021-09-23 09:32:00,55.1835,11.2445
3,76,2021-09-23 09:32:10,55.184,11.2444
3,76,2021-09-23 09:32:20,55.1844,11.2443
3,76,2021-09-23 09:32:30,55.1848,11.2442
3,76,2021-09-23 09:32:39,55.1852,11.2441
3,76,2021-09-23 09:32:50,55.1857,11.244
3,77,2021-09-23 08:34:09,55.181,11.1958
3,78,2021-09-23 07:29:19,55.1829,11.2447
3,78,2021-09-23 07:29:29,55.1833,11.2446
3,78,2021-09-23 07:29:39,55.1837,11.2445
3,78,2021-09-23 07:29:49,55.1842,11.2444
3,78,2021-09-23 07:29:58,55.1845,11.2443
3,78,2021-09-23 07:30:09,55.185,11.2442
3,78,2021-09-23 07:30:19,55.1855,11.2441
3,79,2021-09-23 06:34:19,55.1812,11.1953
3,79,2021-09-23 06:34:28,55.1814,11.1947
3,79,2021-09-23 06:34:40,55.1817,11.1941
3,80,2021-09-23 05:28:49,55.1828,11.2447
3,80,2021-09-23 05:28:59,55.1832,11.2446
3,80,2021-09-23 05:29:10,55.1837,11.2445
3,80,2021-09-23 05:29:19,55.184,11.2444
3,80,2021-09-23 05:29:30,55.1845,11.2443
3,80,2021-09-23 05:29:38,55.1849,11.2442
3,80,2021-09-23 05:29:49,55.1854,11.2441
3,81,2021-09-22 19:15:50,55.181,11.1957
3,81,2021-09-22 19:15:59,55.1813,11.1951
3,81,2021-09-22 19:16:09,55.1815,11.1945
3,81,2021-09-22 19:16:20,55.1818,11.1938
3,81,2021-09-22 19:16:29,55.182,11.1932
3,81,2021-09-22 19:16:39,55.1823,11.1925
3,81,2021-09-22 19:16:50,55.1826,11.1918
3,81,2021-09-22 19:16:59,55.1828,11.1912
3,81,2021-09-22 19:17:10,55.1831,11.1905
3,81,2021-09-22 19:17:20,55.1833,11.1899
3,81,2021-09-22 19:17:29,55.1836,11.1893
3,81,2021-09-22 19:17:39,55.1839,11.1886
3,81,2021-09-22 19:17:50,55.1841,11.1879
3,81,2021-09-22 19:17:58,55.1844,11.1873
3,81,2021-09-22 19:18:10,55.1846,11.1866
3,82,2021-09-22 18:13:39,55.1826,11.2448
3,82,2021-09-22 18:13:50,55.183,11.2447
3,82,2021-09-22 18:14:00,55.1835,11.2446
3,82,2021-09-22 18:14:10,55.1838,11.2445
3,82,2021-09-22 18:14:19,55.1843,11.2444
3,82,2021-09-22 18:14:29,55.1847,11.2443
3,82,2021-09-22 18:14:39,55.1851,11.2442
3,82,2021-09-22 18:14:50,55.1856,11.244
3,82,2021-09-22 18:15:05,55.1856,11.244
3,82,2021-09-22 18:15:09,55.1864,11.2438
3,82,2021-09-22 18:15:19,55.1869,11.2437
3,83,2021-09-22 17:06:10,55.1812,11.1953
3,83,2021-09-22 17:06:19,55.1814,11.1947
3,83,2021-09-22 17:06:30,55.1817,11.1939
3,83,2021-09-22 17:06:38,55.1819,11.1934
3,83,2021-09-22 17:06:49,55.1822,11.1927
3,84,2021-09-22 16:20:36,55.1828,11.2447
3,84,2021-09-22 16:20:39,55.1829,11.2447
3,84,2021-09-22 16:20:49,55.1833,11.2446
3,84,2021-09-22 16:20:59,55.1838,11.2445
3,84,2021-09-22 16:21:09,55.1842,11.2444
3,84,2021-09-22 16:21:19,55.1847,11.2443
3,85,2021-09-22 15:29:20,55.1812,11.1952
3,85,2021-09-22 15:29:29,55.1814,11.1947
3,85,2021-09-22 15:29:39,55.1817,11.194
3,85,2021-09-22 15:29:49,55.182,11.1934
3,85,2021-09-22 15:30:00,55.1823,11.1926
3,86,2021-09-22 14:29:36,55.1826,11.2448
3,86,2021-09-22 14:29:40,55.1828,11.2447
3,86,2021-09-22 14:29:50,55.1832,11.2447
3,86,2021-09-22 14:29:59,55.1836,11.2446
3,86,2021-09-22 14:30:10,55.184,11.2445
3,86,2021-09-22 14:30:20,55.1845,11.2443
3,86,2021-09-22 14:30:29,55.185,11.2442
3,87,2021-09-22 13:30:50,55.1811,11.1955
3,87,2021-09-22 13:31:00,55.1814,11.1948
3,87,2021-09-22 13:31:10,55.1816,11.1942
3,87,2021-09-22 13:31:19,55.1818,11.1936
3,87,2021-09-22 13:31:29,55.1821,11.1929
3,87,2021-09-22 13:31:40,55.1824,11.1922
3,87,2021-09-22 13:31:50,55.1827,11.1916
3,87,2021-09-22 13:32:00,55.1829,11.1909
3,87,2021-09-22 13:32:10,55.1832,11.1903
3,88,2021-09-22 12:28:26,55.1828,11.2447
3,88,2021-09-22 12:28:30,55.183,11.2446
3,88,2021-09-22 12:28:39,55.1834,11.2446
3,88,2021-09-22 12:28:50,55.1839,11.2445
3,88,2021-09-22 12:28:59,55.1843,11.2444
3,88,2021-09-22 12:29:09,55.1848,11.2442
3,88,2021-09-22 12:29:18,55.1852,11.2442
3,88,2021-09-22 12:29:28,55.1857,11.2441
3,88,2021-09-22 12:29:39,55.1862,11.2439
3,88,2021-09-22 12:29:50,55.1866,11.2438
3,88,2021-09-22 12:29:59,55.1871,11.2438
3,88,2021-09-22 12:30:09,55.1875,11.2437
3,88,2021-09-22 12:30:19,55.1879,11.2436
3,88,2021-09-22 12:30:28,55.1884,11.2434
3,89,2021-09-22 10:38:19,55.1811,11.1954
3,89,2021-09-22 10:38:29,55.1814,11.1949
3,89,2021-09-22 10:38:40,55.1816,11.1942
3,89,2021-09-22 10:38:50,55.1818,11.1937
3,89,2021-09-22 10:38:59,55.182,11.1932
3,89,2021-09-22 10:39:09,55.182,11.1932
3,89,2021-09-22 10:39:10,55.1823,11.1926
3,89,2021-09-22 10:39:19,55.1825,11.192
3,89,2021-09-22 10:39:29,55.1827,11.1914
3,89,2021-09-22 10:39:40,55.183,11.1908
3,90,2021-09-22 09:26:50,55.1833,11.2446
3,90,2021-09-22 09:26:59,55.1836,11.2445
3,90,2021-09-22 09:27:07,55.1836,11.2445
3,90,2021-09-22 09:27:10,55.1841,11.2444
3,90,2021-09-22 09:27:20,55.1845,11.2443
3,90,2021-09-22 09:27:28,55.1849,11.2442
3,90,2021-09-22 09:27:39,55.1854,11.2441
3,90,2021-09-22 09:27:50,55.1858,11.244
3,90,2021-09-22 09:27:59,55.1862,11.2439
3,90,2021-09-22 09:28:10,55.1867,11.2438
3,90,2021-09-22 09:28:20,55.1871,11.2437
3,90,2021-09-22 09:28:30,55.1876,11.2436
3,90,2021-09-22 09:28:39,55.188,11.2435
3,90,2021-09-22 09:28:50,55.1884,11.2434
3,91,2021-09-22 08:29:10,55.1812,11.1953
3,91,2021-09-22 08:29:19,55.1814,11.1948
3,91,2021-09-22 08:29:30,55.1816,11.1941
3,91,2021-09-22 08:29:39,55.1818,11.1936
3,91,2021-09-22 08:29:50,55.1821,11.193
3,91,2021-09-22 08:29:59,55.1823,11.1925
3,91,2021-09-22 08:30:10,55.1826,11.1918
3,91,2021-09-22 08:30:19,55.1828,11.1912
3,91,2021-09-22 08:30:29,55.183,11.1907
3,92,2021-09-22 07:29:09,55.1826,11.2448
3,92,2021-09-22 07:29:19,55.1831,11.2447
3,92,2021-09-22 07:29:30,55.1835,11.2446
3,92,2021-09-22 07:29:40,55.1839,11.2445
3,92,2021-09-22 07:29:50,55.1844,11.2443
3,92,2021-09-22 07:29:59,55.1848,11.2443
3,92,2021-09-22 07:30:07,55.1852,11.2442
3,92,2021-09-22 07:30:19,55.1856,11.244
3,92,2021-09-22 07:30:29,55.1861,11.2439
3,93,2021-09-22 06:31:50,55.181,11.1956
3,93,2021-09-22 06:31:59,55.1812,11.1951
3,93,2021-09-22 06:32:10,55.1815,11.1945
3,94,2021-09-22 05:33:50,55.183,11.2447
3,94,2021-09-22 05:33:59,55.1833,11.2446
3,94,2021-09-22 05:34:09,55.1837,11.2445
3,94,2021-09-22 05:34:19,55.1841,11.2444
4,1,2021-09-28 17:26:50,55.1775,11.159
4,1,2021-09-28 17:27:01,55.1769,11.159
4,1,2021-09-28 17:27:04,55.1768,11.1591
4,1,2021-09-28 17:27:07,55.1767,11.1591
4,1,2021-09-28 17:27:07,55.1768,11.1591
4,1,2021-09-28 17:27:12,55.1764,11.1591
4,1,2021-09-28 17:27:14,55.1763,11.1592
4,1,2021-09-28 17:27:18,55.1762,11.1592
4,1,2021-09-28 17:27:21,55.1761,11.1592
4,1,2021-09-28 17:27:21,55.1761,11.1592
4,1,2021-09-28 17:27:24,55.1759,11.1593
4,1,2021-09-28 17:27:28,55.1757,11.1594
4,1,2021-09-28 17:27:31,55.1756,11.1594
4,1,2021-09-28 17:27:35,55.1755,11.1594
4,1,2021-09-28 17:27:38,55.1754,11.1595
4,1,2021-09-28 17:27:42,55.1751,11.1595
4,1,2021-09-28 17:27:44,55.1751,11.1596
4,1,2021-09-28 17:27:48,55.1749,11.1596
4,1,2021-09-28 17:27:50,55.1748,11.1597
4,1,2021-09-28 17:27:55,55.1746,11.1598
4,1,2021-09-28 17:27:58,55.1745,11.1598
4,1,2021-09-28 17:28:01,55.1744,11.1599
4,1,2021-09-28 17:28:01,55.1745,11.1599
4,1,2021-09-28 17:28:05,55.1743,11.1599
4,1,2021-09-28 17:28:08,55.1742,11.16
4,1,2021-09-28 17:30:41,55.1718,11.1607
4,1,2021-09-28 17:30:44,55.1718,11.1607
4,1,2021-09-28 17:30:48,55.1718,11.1606
4,1,2021-09-28 17:30:52,55.1717,11.1606
4,1,2021-09-28 17:30:55,55.1717,11.1606
4,1,2021-09-28 17:30:58,55.1716,11.1605
4,1,2021-09-28 17:31:01,55.1716,11.1605
4,1,2021-09-28 17:31:04,55.1716,11.1605
4,1,2021-09-28 17:31:08,55.1715,11.1604
4,1,2021-09-28 17:31:11,55.1715,11.1604
4,1,2021-09-28 17:31:15,55.1715,11.1604
4,1,2021-09-28 17:31:18,55.1715,11.1604
4,1,2021-09-28 17:31:20,55.1715,11.1603
4,1,2021-09-28 17:31:31,55.1714,11.1603
4,2,2021-09-28 16:30:02,55.1837,11.2445
4,2,2021-09-28 16:30:10,55.184,11.2445
4,2,2021-09-28 16:30:21,55.1844,11.2444
4,3,2021-09-28 15:40:32,55.1774,11.1591
4,3,2021-09-28 15:40:35,55.1773,11.1591
4,3,2021-09-28 15:40:38,55.1771,11.1591
4,3,2021-09-28 15:40:42,55.177,11.1591
4,3,2021-09-28 15:40:48,55.1767,11.1592
4,3,2021-09-28 15:40:52,55.1765,11.1592
4,3,2021-09-28 15:41:00,55.1762,11.1593
4,3,2021-09-28 15:41:01,55.1762,11.1593
4,3,2021-09-28 15:41:08,55.1759,11.1594
4,3,2021-09-28 15:41:11,55.1758,11.1594
4,3,2021-09-28 15:41:14,55.1756,11.1595
4,3,2021-09-28 15:41:18,55.1755,11.1595
4,3,2021-09-28 15:41:21,55.1753,11.1596
4,3,2021-09-28 15:41:25,55.1752,11.1596
4,3,2021-09-28 15:41:28,55.1751,11.1596
4,3,2021-09-28 15:41:32,55.175,11.1597
4,3,2021-09-28 15:41:34,55.1749,11.1597
4,3,2021-09-28 15:41:38,55.1747,11.1598
4,3,2021-09-28 15:41:42,55.1746,11.1598
4,3,2021-09-28 15:41:51,55.1743,11.1599
4,4,2021-09-28 14:31:31,55.1835,11.2445
4,4,2021-09-28 14:31:41,55.1839,11.2444
4,4,2021-09-28 14:31:51,55.1843,11.2444
4,6,2021-09-28 12:31:21,55.1837,11.2445
4,6,2021-09-28 12:31:31,55.1841,11.2444
4,7,2021-09-28 10:40:32,55.1772,11.1592
4,7,2021-09-28 10:40:34,55.1771,11.1592
4,7,2021-09-28 10:40:37,55.177,11.1592
4,7,2021-09-28 10:40:42,55.1768,11.1593
4,7,2021-09-28 10:40:43,55.1767,11.1593
4,7,2021-09-28 10:40:48,55.1765,11.1593
4,7,2021-09-28 10:40:49,55.1764,11.1594
4,7,2021-09-28 10:40:52,55.1764,11.1594
4,7,2021-09-28 10:40:55,55.1762,11.1594
4,7,2021-09-28 10:40:58,55.1761,11.1595
4,7,2021-09-28 10:41:02,55.1759,11.1595
4,7,2021-09-28 10:41:05,55.1758,11.1595
4,7,2021-09-28 10:41:08,55.1757,11.1595
4,7,2021-09-28 10:41:09,55.1756,11.1596
4,7,2021-09-28 10:41:15,55.1754,11.1596
4,7,2021-09-28 10:41:18,55.1753,11.1596
4,7,2021-09-28 10:41:19,55.1752,11.1596
4,7,2021-09-28 10:41:32,55.1748,11.1597
4,7,2021-09-28 10:41:35,55.1747,11.1598
4,7,2021-09-28 10:41:38,55.1746,11.1598
4,7,2021-09-28 10:41:40,55.1745,11.1599
4,7,2021-09-28 10:41:45,55.1743,11.1599
4,7,2021-09-28 10:41:48,55.1742,11.16
4,7,2021-09-28 10:41:51,55.1741,11.16
4,7,2021-09-28 10:41:52,55.1742,11.16
4,8,2021-09-28 09:32:31,55.1835,11.2445
4,8,2021-09-28 09:32:41,55.1839,11.2445
4,8,2021-09-28 09:32:51,55.1843,11.2444
4,10,2021-09-28 07:30:52,55.1834,11.2445
4,10,2021-09-28 07:31:01,55.1838,11.2445
4,10,2021-09-28 07:31:10,55.1842,11.2444
4,11,2021-09-28 06:44:31,55.1773,11.1596
4,11,2021-09-28 06:44:41,55.1768,11.1598
4,11,2021-09-28 06:44:51,55.1764,11.1599
4,11,2021-09-28 06:45:01,55.1761,11.16
4,13,2021-09-27 19:15:26,55.1775,11.1593
4,13,2021-09-27 19:15:30,55.1774,11.1594
4,13,2021-09-27 19:15:33,55.1773,11.1594
4,13,2021-09-27 19:15:40,55.177,11.1595
4,13,2021-09-27 19:15:43,55.1768,11.1595
4,13,2021-09-27 19:15:53,55.1765,11.1596
4,13,2021-09-27 19:16:04,55.176,11.1598
4,13,2021-09-27 19:16:14,55.1757,11.1599
4,13,2021-09-27 19:16:23,55.1753,11.16
4,13,2021-09-27 19:16:33,55.175,11.1601
4,13,2021-09-27 19:16:43,55.1747,11.1602
4,13,2021-09-27 19:16:54,55.1744,11.1603
4,13,2021-09-27 19:17:04,55.1742,11.1603
4,15,2021-09-27 17:37:47,55.1775,11.1594
4,15,2021-09-27 17:37:50,55.1774,11.1595
4,15,2021-09-27 17:37:54,55.1772,11.1595
4,15,2021-09-27 17:38:04,55.1768,11.1597
4,15,2021-09-27 17:38:14,55.1763,11.1598
4,15,2021-09-27 17:38:23,55.1759,11.1599
4,16,2021-09-27 16:28:46,55.1833,11.2445
4,16,2021-09-27 16:28:50,55.1834,11.2445
4,16,2021-09-27 16:28:53,55.1836,11.2445
4,16,2021-09-27 16:29:03,55.184,11.2444
4,16,2021-09-27 16:29:13,55.1844,11.2443
4,18,2021-09-27 14:39:30,55.1833,11.2445
4,18,2021-09-27 14:39:33,55.1834,11.2445
4,18,2021-09-27 14:39:37,55.1836,11.2444
4,18,2021-09-27 14:39:40,55.1837,11.2444
4,18,2021-09-27 14:39:44,55.1839,11.2444
4,18,2021-09-27 14:39:46,55.184,11.2444
4,18,2021-09-27 14:39:50,55.1842,11.2443
4,18,2021-09-27 14:39:53,55.1843,11.2443
4,20,2021-09-27 12:34:12,55.1834,11.2445
4,20,2021-09-27 12:34:23,55.1839,11.2444
4,20,2021-09-27 12:34:34,55.1844,11.2443
4,21,2021-09-27 10:30:33,55.1793,11.2001
4,21,2021-09-27 10:30:43,55.1795,11.1994
4,21,2021-09-27 10:30:54,55.1798,11.1987
4,21,2021-09-27 10:30:55,55.1799,11.1985
4,21,2021-09-27 10:30:59,55.1799,11.1983
4,21,2021-09-27 10:31:02,55.18,11.1981
4,21,2021-09-27 10:31:06,55.1801,11.1979
4,21,2021-09-27 10:31:10,55.1802,11.1976
4,21,2021-09-27 10:31:14,55.1803,11.1974
4,21,2021-09-27 10:31:16,55.1804,11.1972
4,22,2021-09-27 09:34:32,55.1833,11.2446
4,22,2021-09-27 09:34:44,55.1838,11.2444
4,22,2021-09-27 09:34:52,55.1842,11.2444
4,23,2021-09-27 08:30:34,55.1798,11.1988
4,23,2021-09-27 08:30:43,55.1801,11.1982
4,23,2021-09-27 08:30:52,55.1803,11.1976
4,24,2021-09-27 07:34:24,55.1834,11.2445
4,24,2021-09-27 07:34:33,55.1837,11.2445
4,24,2021-09-27 07:34:43,55.1842,11.2444
4,25,2021-09-27 06:33:03,55.1801,11.198
4,25,2021-09-27 06:33:04,55.1802,11.1979
4,25,2021-09-27 06:33:05,55.1802,11.1979
4,25,2021-09-27 06:33:12,55.1804,11.1974
4,26,2021-09-27 05:36:03,55.1833,11.2446
4,26,2021-09-27 05:36:11,55.1837,11.2445
4,26,2021-09-27 05:36:24,55.1841,11.2444
4,27,2021-09-27 04:28:04,55.1788,11.2014
4,27,2021-09-27 04:28:13,55.179,11.2009
4,27,2021-09-27 04:28:22,55.1792,11.2003
4,27,2021-09-27 04:28:43,55.1797,11.199
4,27,2021-09-27 04:28:54,55.18,11.1984
4,27,2021-09-27 04:29:04,55.1802,11.1978
4,27,2021-09-27 04:29:13,55.1804,11.1973
4,28,2021-09-27 03:26:06,55.1727,11.2299
4,28,2021-09-27 03:26:11,55.1727,11.2302
4,28,2021-09-27 03:26:12,55.1728,11.2303
4,28,2021-09-27 03:26:24,55.1728,11.2308
4,28,2021-09-27 03:26:33,55.1728,11.2314
4,28,2021-09-27 03:26:41,55.1729,11.2319
4,28,2021-09-27 03:27:02,55.173,11.2329
4,28,2021-09-27 03:27:04,55.173,11.2331
4,28,2021-09-27 03:27:08,55.173,11.2333
4,28,2021-09-27 03:27:14,55.173,11.2336
4,28,2021-09-27 03:27:23,55.173,11.2341
4,28,2021-09-27 03:27:32,55.173,11.2347
4,28,2021-09-27 03:27:41,55.1731,11.2353
4,28,2021-09-27 03:34:01,55.1833,11.2446
4,28,2021-09-27 03:34:14,55.1837,11.2445
4,28,2021-09-27 03:34:24,55.1841,11.2444
4,29,2021-09-26 19:26:24,55.1774,11.1589
4,29,2021-09-26 19:26:34,55.1769,11.159
4,29,2021-09-26 19:26:35,55.1768,11.159
4,29,2021-09-26 19:26:40,55.1766,11.1591
4,29,2021-09-26 19:26:42,55.1765,11.1591
4,29,2021-09-26 19:26:42,55.1765,11.1591
4,29,2021-09-26 19:26:47,55.1763,11.1591
4,29,2021-09-26 19:26:50,55.1761,11.1592
4,29,2021-09-26 19:26:53,55.176,11.1592
4,29,2021-09-26 19:26:57,55.1758,11.1593
4,29,2021-09-26 19:27:00,55.1757,11.1593
4,29,2021-09-26 19:27:03,55.1756,11.1593
4,29,2021-09-26 19:27:07,55.1755,11.1593
4,29,2021-09-26 19:27:10,55.1753,11.1594
4,29,2021-09-26 19:27:14,55.1751,11.1594
4,29,2021-09-26 19:27:20,55.1749,11.1595
4,29,2021-09-26 19:27:24,55.1748,11.1595
4,29,2021-09-26 19:27:32,55.1744,11.1597
4,29,2021-09-26 19:27:34,55.1744,11.1597
4,29,2021-09-26 19:27:38,55.1742,11.1598
4,29,2021-09-26 19:27:42,55.1741,11.1598
4,29,2021-09-26 19:30:33,55.1718,11.1606
4,29,2021-09-26 19:30:37,55.1718,11.1606
4,29,2021-09-26 19:30:40,55.1717,11.1606
4,29,2021-09-26 19:30:43,55.1717,11.1605
4,29,2021-09-26 19:30:47,55.1717,11.1605
4,29,2021-09-26 19:30:50,55.1716,11.1605
4,29,2021-09-26 19:30:53,55.1716,11.1604
4,29,2021-09-26 19:30:56,55.1716,11.1604
4,29,2021-09-26 19:31:00,55.1715,11.1604
4,29,2021-09-26 19:31:04,55.1715,11.1604
4,29,2021-09-26 19:31:07,55.1715,11.1603
4,29,2021-09-26 19:31:10,55.1715,11.1603
4,29,2021-09-26 19:31:13,55.1715,11.1603
4,29,2021-09-26 19:31:17,55.1715,11.1603
4,29,2021-09-26 19:31:20,55.1715,11.1603
4,29,2021-09-26 19:31:24,55.1715,11.1603
4,30,2021-09-26 18:18:24,55.1837,11.2445
4,30,2021-09-26 18:18:34,55.1842,11.2444
4,32,2021-09-26 16:34:23,55.1834,11.2446
4,32,2021-09-26 16:34:33,55.1838,11.2445
4,32,2021-09-26 16:34:43,55.1843,11.2444
4,34,2021-09-26 14:35:04,55.1834,11.2446
4,34,2021-09-26 14:35:14,55.1838,11.2445
4,34,2021-09-26 14:35:24,55.1842,11.2444
4,35,2021-09-26 13:28:33,55.1793,11.2001
4,35,2021-09-26 13:28:42,55.1795,11.1995
4,35,2021-09-26 13:28:52,55.1798,11.1987
4,35,2021-09-26 13:29:01,55.18,11.1982
4,35,2021-09-26 13:29:13,55.1803,11.1975
4,36,2021-09-26 12:29:53,55.173,11.2335
4,36,2021-09-26 12:30:04,55.173,11.2342
4,36,2021-09-26 12:30:13,55.1731,11.2347
4,36,2021-09-26 12:30:23,55.1731,11.2353
4,36,2021-09-26 12:30:34,55.1731,11.2359
4,36,2021-09-26 12:36:34,55.1836,11.2445
4,36,2021-09-26 12:36:43,55.1839,11.2445
4,36,2021-09-26 12:36:54,55.1844,11.2444
4,38,2021-09-26 10:30:13,55.1731,11.2351
4,38,2021-09-26 10:30:22,55.1731,11.2357
4,38,2021-09-26 10:36:13,55.1835,11.2445
4,38,2021-09-26 10:36:24,55.184,11.2445
4,38,2021-09-26 10:36:33,55.1844,11.2444
4,40,2021-09-26 08:31:04,55.1837,11.2445
4,41,2021-09-26 07:39:24,55.1773,11.1595
4,41,2021-09-26 07:39:34,55.1769,11.1596
4,41,2021-09-26 07:39:43,55.1765,11.1598
4,41,2021-09-26 07:39:53,55.1761,11.1598
4,41,2021-09-26 07:40:04,55.1757,11.16
4,41,2021-09-26 07:40:13,55.1753,11.1601
4,41,2021-09-26 07:40:24,55.1749,11.1602
4,41,2021-09-26 07:40:34,55.1745,11.1603
4,41,2021-09-26 07:40:43,55.1742,11.1604
4,42,2021-09-26 06:36:14,55.1835,11.2445
4,42,2021-09-26 06:36:24,55.1838,11.2445
4,42,2021-09-26 06:36:33,55.1843,11.2444
4,43,2021-09-25 19:14:13,55.1772,11.1593
4,43,2021-09-25 19:14:24,55.1768,11.1593
4,43,2021-09-25 19:14:35,55.1763,11.1594
4,43,2021-09-25 19:14:44,55.1759,11.1595
4,43,2021-09-25 19:14:57,55.1753,11.1597
4,43,2021-09-25 19:15:00,55.1752,11.1597
4,43,2021-09-25 19:15:04,55.1751,11.1598
4,43,2021-09-25 19:15:06,55.1751,11.1598
4,43,2021-09-25 19:15:11,55.1748,11.1599
4,43,2021-09-25 19:15:13,55.1747,11.1599
4,43,2021-09-25 19:15:16,55.1746,11.16
4,43,2021-09-25 19:15:21,55.1745,11.16
4,43,2021-09-25 19:15:24,55.1744,11.1601
4,43,2021-09-25 19:15:27,55.1743,11.1601
4,43,2021-09-25 19:15:31,55.1742,11.1602
4,43,2021-09-25 19:15:34,55.1741,11.1602
4,53,2021-09-25 09:33:15,55.1789,11.2009
4,53,2021-09-25 09:33:24,55.1791,11.2006
4,53,2021-09-25 09:33:33,55.1792,11.2002
4,53,2021-09-25 09:33:44,55.1794,11.1997
4,53,2021-09-25 09:33:54,55.1796,11.1993
4,53,2021-09-25 09:34:04,55.1798,11.1989
4,53,2021-09-25 09:34:15,55.18,11.1984
4,53,2021-09-25 09:34:24,55.1801,11.1981
4,53,2021-09-25 09:34:33,55.1803,11.1976
4,53,2021-09-25 09:34:44,55.1804,11.1972
4,54,2021-09-25 08:30:05,55.1843,11.2444
4,55,2021-09-25 07:31:25,55.1798,11.1989
4,55,2021-09-25 07:31:34,55.1799,11.1985
4,55,2021-09-25 07:31:44,55.1801,11.198
4,55,2021-09-25 07:31:53,55.1802,11.1976
4,55,2021-09-25 07:32:04,55.1804,11.1971
4,57,2021-09-24 19:28:08,55.1775,11.1592
4,57,2021-09-24 19:28:11,55.1773,11.1592
4,57,2021-09-24 19:28:14,55.1772,11.1593
4,57,2021-09-24 19:28:18,55.177,11.1593
4,57,2021-09-24 19:28:21,55.1769,11.1593
4,57,2021-09-24 19:28:24,55.1767,11.1594
4,57,2021-09-24 19:28:28,55.1766,11.1594
4,57,2021-09-24 19:28:31,55.1764,11.1594
4,57,2021-09-24 19:28:34,55.1763,11.1595
4,57,2021-09-24 19:28:41,55.176,11.1595
4,57,2021-09-24 19:28:45,55.1758,11.1596
4,57,2021-09-24 19:28:54,55.1754,11.1597
4,57,2021-09-24 19:29:03,55.175,11.1597
4,57,2021-09-24 19:29:04,55.175,11.1597
4,57,2021-09-24 19:29:08,55.1749,11.1598
4,57,2021-09-24 19:29:10,55.1748,11.1598
4,57,2021-09-24 19:29:11,55.1747,11.1598
4,57,2021-09-24 19:29:14,55.1746,11.1598
4,57,2021-09-24 19:29:18,55.1745,11.1598
4,57,2021-09-24 19:29:21,55.1744,11.1598
4,57,2021-09-24 19:29:24,55.1743,11.1599
4,57,2021-09-24 19:29:24,55.1743,11.1599
4,57,2021-09-24 19:29:27,55.1742,11.1599
4,57,2021-09-24 19:29:31,55.1741,11.1599
4,60,2021-09-24 16:31:44,55.1835,11.2445
4,60,2021-09-24 16:31:54,55.1839,11.2444
4,60,2021-09-24 16:32:04,55.1844,11.2443
4,63,2021-09-24 13:31:15,55.1794,11.1997
4,63,2021-09-24 13:31:23,55.1796,11.1994
4,63,2021-09-24 13:31:34,55.1798,11.1989
4,63,2021-09-24 13:31:44,55.18,11.1983
4,63,2021-09-24 13:31:55,55.1802,11.1978
4,63,2021-09-24 13:32:04,55.1803,11.1974
4,67,2021-09-24 08:32:24,55.1804,11.1973
4,70,2021-09-24 05:41:03,55.2128,11.2438
4,70,2021-09-24 05:41:06,55.2128,11.2439
4,70,2021-09-24 05:41:08,55.2128,11.2439
4,70,2021-09-24 05:41:10,55.2128,11.2439
4,70,2021-09-24 05:41:13,55.2128,11.244
4,70,2021-09-24 05:41:14,55.2128,11.244
4,73,2021-09-23 13:38:50,55.18,11.1982
4,73,2021-09-23 13:38:57,55.1802,11.1979
4,73,2021-09-23 13:39:10,55.1804,11.1974
4,73,2021-09-23 13:39:15,55.1804,11.1974
4,75,2021-09-23 10:33:59,55.1796,11.1994
4,75,2021-09-23 10:34:09,55.1798,11.1989
4,75,2021-09-23 10:34:19,55.18,11.1983
4,75,2021-09-23 10:34:29,55.1802,11.1977
4,75,2021-09-23 10:34:39,55.1804,11.1972
4,81,2021-09-22 19:27:28,55.1774,11.1597
4,81,2021-09-22 19:27:39,55.177,11.1598
4,81,2021-09-22 19:27:49,55.1766,11.1599
4,81,2021-09-22 19:27:59,55.1761,11.16
4,81,2021-09-22 19:28:09,55.1758,11.1601
4,87,2021-09-22 13:42:09,55.1775,11.1596
4,87,2021-09-22 13:42:18,55.177,11.1597
4,94,2021-09-22 05:34:19,55.1841,11.2444
5,13,2021-09-27 18:45:13,55.2013,11.2405
5,13,2021-09-27 18:45:22,55.2009,11.2406
5,20,2021-09-27 12:40:03,55.1992,11.2409
5,20,2021-09-27 12:40:14,55.1997,11.2408
5,20,2021-09-27 12:40:22,55.2001,11.2407
5,20,2021-09-27 12:40:34,55.2006,11.2406
5,20,2021-09-27 12:40:41,55.2011,11.2405
5,22,2021-09-27 09:40:13,55.1986,11.2411
5,22,2021-09-27 09:40:23,55.199,11.241
5,22,2021-09-27 09:40:33,55.1995,11.2409
5,22,2021-09-27 09:40:43,55.1999,11.2408
5,22,2021-09-27 09:40:53,55.2004,11.2407
5,22,2021-09-27 09:41:03,55.2009,11.2405
5,22,2021-09-27 09:41:13,55.2013,11.2405
5,24,2021-09-27 07:40:03,55.1985,11.2411
5,24,2021-09-27 07:40:13,55.1989,11.241
5,24,2021-09-27 07:40:22,55.1994,11.2409
5,24,2021-09-27 07:40:34,55.1999,11.2408
5,24,2021-09-27 07:40:43,55.2003,11.2407
5,24,2021-09-27 07:40:54,55.2008,11.2405
5,24,2021-09-27 07:41:02,55.2012,11.2405
5,24,2021-09-27 07:41:13,55.2016,11.2404
5,26,2021-09-27 05:40:32,55.1945,11.2421
5,26,2021-09-27 05:40:43,55.1949,11.2419
5,26,2021-09-27 05:40:53,55.1954,11.2418
5,26,2021-09-27 05:41:01,55.1957,11.2417
5,26,2021-09-27 05:41:11,55.1962,11.2416
5,26,2021-09-27 05:41:22,55.1966,11.2415
5,26,2021-09-27 05:41:32,55.197,11.2414
5,26,2021-09-27 05:41:43,55.1975,11.2413
5,26,2021-09-27 05:41:51,55.1979,11.2412
5,26,2021-09-27 05:42:03,55.1983,11.2412
5,26,2021-09-27 05:42:13,55.1987,11.2411
5,26,2021-09-27 05:42:22,55.1991,11.241
5,26,2021-09-27 05:42:32,55.1995,11.2409
5,26,2021-09-27 05:42:43,55.2,11.2407
5,26,2021-09-27 05:42:53,55.2004,11.2406
5,26,2021-09-27 05:43:03,55.2008,11.2406
5,26,2021-09-27 05:43:13,55.2012,11.2405
5,26,2021-09-27 05:43:22,55.2016,11.2404
5,28,2021-09-27 03:36:14,55.1883,11.2434
5,28,2021-09-27 03:36:22,55.1887,11.2433
5,28,2021-09-27 03:36:32,55.1891,11.2433
5,28,2021-09-27 03:36:44,55.1895,11.2432
5,28,2021-09-27 03:36:54,55.1899,11.2431
5,28,2021-09-27 03:37:02,55.1902,11.243
5,28,2021-09-27 03:37:12,55.1907,11.2429
5,28,2021-09-27 03:37:22,55.1911,11.2428
5,28,2021-09-27 03:37:33,55.1915,11.2427
5,28,2021-09-27 03:37:44,55.1918,11.2426
5,28,2021-09-27 03:37:54,55.1923,11.2425
5,28,2021-09-27 03:38:02,55.1926,11.2425
5,28,2021-09-27 03:38:13,55.193,11.2424
5,28,2021-09-27 03:38:24,55.1934,11.2423
5,28,2021-09-27 03:38:32,55.1938,11.2422
5,28,2021-09-27 03:38:42,55.1941,11.2421
5,28,2021-09-27 03:38:54,55.1946,11.242
5,28,2021-09-27 03:39:03,55.195,11.2419
5,28,2021-09-27 03:39:13,55.1954,11.2418
5,28,2021-09-27 03:39:13,55.195,11.2419
5,28,2021-09-27 03:39:24,55.1958,11.2417
5,28,2021-09-27 03:39:42,55.1965,11.2416
5,28,2021-09-27 03:39:54,55.1969,11.2415
5,28,2021-09-27 03:40:03,55.1973,11.2414
5,28,2021-09-27 03:40:13,55.1977,11.2413
5,28,2021-09-27 03:40:24,55.1981,11.2412
5,28,2021-09-27 03:40:33,55.1984,11.2411
5,28,2021-09-27 03:40:42,55.1988,11.241
5,28,2021-09-27 03:40:53,55.1992,11.241
5,28,2021-09-27 03:41:03,55.1996,11.2409
5,28,2021-09-27 03:41:14,55.2,11.2407
5,28,2021-09-27 03:41:24,55.2004,11.2407
5,28,2021-09-27 03:41:33,55.2007,11.2406
5,28,2021-09-27 03:41:41,55.2011,11.2405
5,28,2021-09-27 03:41:53,55.2015,11.2404
5,32,2021-09-26 16:39:54,55.1975,11.2413
5,32,2021-09-26 16:40:02,55.1978,11.2412
5,32,2021-09-26 16:40:14,55.1983,11.2411
5,32,2021-09-26 16:40:23,55.1987,11.241
5,32,2021-09-26 16:40:33,55.1992,11.2409
5,32,2021-09-26 16:40:44,55.1996,11.2408
5,32,2021-09-26 16:40:54,55.2,11.2407
5,32,2021-09-26 16:41:04,55.2005,11.2406
5,32,2021-09-26 16:41:14,55.2009,11.2405
5,32,2021-09-26 16:41:23,55.2013,11.2404
5,34,2021-09-26 14:40:03,55.1961,11.2416
5,34,2021-09-26 14:40:13,55.1965,11.2416
5,34,2021-09-26 14:40:23,55.197,11.2415
5,34,2021-09-26 14:40:32,55.1974,11.2414
5,34,2021-09-26 14:40:43,55.1978,11.2413
5,34,2021-09-26 14:40:53,55.1983,11.2412
5,34,2021-09-26 14:41:03,55.1987,11.2411
5,34,2021-09-26 14:41:12,55.1991,11.241
5,34,2021-09-26 14:41:23,55.1996,11.2409
5,34,2021-09-26 14:41:32,55.2,11.2408
5,34,2021-09-26 14:41:43,55.2004,11.2407
5,34,2021-09-26 14:41:53,55.2009,11.2405
5,34,2021-09-26 14:42:03,55.2013,11.2404
5,36,2021-09-26 12:39:54,55.1918,11.2426
5,36,2021-09-26 12:40:03,55.1922,11.2425
5,36,2021-09-26 12:40:13,55.1925,11.2425
5,36,2021-09-26 12:40:23,55.193,11.2424
5,36,2021-09-26 12:40:34,55.1934,11.2423
5,36,2021-09-26 12:40:43,55.1938,11.2422
5,36,2021-09-26 12:40:54,55.1943,11.242
5,36,2021-09-26 12:41:03,55.1947,11.2419
5,36,2021-09-26 12:41:11,55.195,11.2419
5,36,2021-09-26 12:41:23,55.1955,11.2418
5,36,2021-09-26 12:41:32,55.1959,11.2417
5,36,2021-09-26 12:41:43,55.1964,11.2416
5,36,2021-09-26 12:41:54,55.1968,11.2415
5,36,2021-09-26 12:42:04,55.1973,11.2414
5,36,2021-09-26 12:42:13,55.1976,11.2413
5,36,2021-09-26 12:42:23,55.1981,11.2412
5,36,2021-09-26 12:42:34,55.1985,11.2411
5,36,2021-09-26 12:42:43,55.1989,11.241
5,36,2021-09-26 12:42:54,55.1993,11.2409
5,36,2021-09-26 12:43:04,55.1998,11.2408
5,36,2021-09-26 12:43:13,55.2001,11.2407
5,36,2021-09-26 12:43:23,55.2006,11.2406
5,36,2021-09-26 12:43:34,55.201,11.2405
5,36,2021-09-26 12:43:43,55.2014,11.2404
5,38,2021-09-26 10:40:13,55.1938,11.2422
5,38,2021-09-26 10:40:23,55.1942,11.2421
5,38,2021-09-26 10:40:34,55.1947,11.2419
5,38,2021-09-26 10:40:43,55.1951,11.2419
5,38,2021-09-26 10:40:52,55.1955,11.2418
5,38,2021-09-26 10:41:03,55.196,11.2417
5,38,2021-09-26 10:41:13,55.1965,11.2416
5,38,2021-09-26 10:41:23,55.1969,11.2415
5,38,2021-09-26 10:41:34,55.1973,11.2414
5,38,2021-09-26 10:41:43,55.1978,11.2413
5,38,2021-09-26 10:41:51,55.1982,11.2412
5,38,2021-09-26 10:42:03,55.1986,11.2411
5,38,2021-09-26 10:42:13,55.1991,11.241
5,38,2021-09-26 10:42:23,55.1995,11.2409
5,38,2021-09-26 10:42:34,55.2,11.2407
5,38,2021-09-26 10:42:42,55.2004,11.2406
5,38,2021-09-26 10:42:52,55.2008,11.2405
5,38,2021-09-26 10:43:03,55.2012,11.2404
5,42,2021-09-26 06:40:53,55.1953,11.2418
5,42,2021-09-26 06:41:03,55.1958,11.2417
5,42,2021-09-26 06:41:14,55.1962,11.2416
5,42,2021-09-26 06:41:22,55.1966,11.2415
5,42,2021-09-26 06:41:33,55.197,11.2414
5,42,2021-09-26 06:41:43,55.1975,11.2413
5,42,2021-09-26 06:41:53,55.1979,11.2412
5,42,2021-09-26 06:42:03,55.1984,11.2411
5,42,2021-09-26 06:42:14,55.1988,11.241
5,42,2021-09-26 06:42:22,55.1992,11.2409
5,42,2021-09-26 06:42:32,55.1996,11.2408
5,42,2021-09-26 06:42:43,55.2001,11.2407
5,42,2021-09-26 06:42:53,55.2005,11.2406
5,42,2021-09-26 06:43:03,55.201,11.2405
5,42,2021-09-26 06:43:14,55.2014,11.2404
5,43,2021-09-25 18:43:04,55.2012,11.2405
5,43,2021-09-25 18:43:13,55.2007,11.2406
5,43,2021-09-25 18:43:25,55.2001,11.2408
5,53,2021-09-25 09:43:18,55.1875,11.1728
5,53,2021-09-25 09:43:21,55.1875,11.1726
5,53,2021-09-25 09:43:24,55.1875,11.1725
5,53,2021-09-25 09:43:27,55.1875,11.1723
5,53,2021-09-25 09:43:31,55.1875,11.1721
5,53,2021-09-25 09:43:34,55.1875,11.1719
5,53,2021-09-25 09:43:37,55.1875,11.1717
5,53,2021-09-25 09:43:41,55.1875,11.1715
5,53,2021-09-25 09:43:45,55.1875,11.1713
5,53,2021-09-25 09:43:47,55.1874,11.1712
5,53,2021-09-25 09:43:51,55.1874,11.171
5,53,2021-09-25 09:43:54,55.1874,11.1708
5,53,2021-09-25 09:43:58,55.1874,11.1706
5,53,2021-09-25 09:44:01,55.1874,11.1704
5,53,2021-09-25 09:44:05,55.1874,11.1702
5,53,2021-09-25 09:44:07,55.1874,11.1701
5,53,2021-09-25 09:44:09,55.1874,11.17
5,53,2021-09-25 09:44:11,55.1874,11.1699
5,53,2021-09-25 09:44:13,55.1874,11.1698
5,53,2021-09-25 09:44:13,55.1874,11.1698
5,55,2021-09-25 07:41:21,55.1874,11.1697
6,28,2021-09-27 03:46:07,55.2108,11.2401
6,28,2021-09-27 03:46:09,55.2109,11.2402
6,28,2021-09-27 03:46:13,55.2109,11.2402
6,28,2021-09-27 03:46:17,55.211,11.2403
6,28,2021-09-27 03:46:20,55.2111,11.2404
6,28,2021-09-27 03:46:23,55.2111,11.2405
6,28,2021-09-27 03:46:27,55.2112,11.2406
6,28,2021-09-27 03:46:30,55.2113,11.2406
6,28,2021-09-27 03:46:34,55.2114,11.2407
6,28,2021-09-27 03:46:37,55.2114,11.2408
6,28,2021-09-27 03:46:40,55.2115,11.2409
6,28,2021-09-27 03:46:44,55.2115,11.241
6,28,2021-09-27 03:46:46,55.2116,11.2411
6,28,2021-09-27 03:46:50,55.2116,11.2412
6,28,2021-09-27 03:46:53,55.2117,11.2413
6,28,2021-09-27 03:46:57,55.2117,11.2414
6,52,2021-09-25 10:02:57,55.1738,11.1611
6,52,2021-09-25 10:03:01,55.1739,11.1611
6,52,2021-09-25 10:03:04,55.174,11.161
6,52,2021-09-25 10:03:04,55.174,11.161
6,52,2021-09-25 10:03:07,55.1741,11.161
6,52,2021-09-25 10:03:11,55.1742,11.1609
6,66,2021-09-24 09:02:01,55.1738,11.161
6,66,2021-09-24 09:02:04,55.1739,11.1609
6,66,2021-09-24 09:02:08,55.174,11.1609
6,66,2021-09-24 09:02:11,55.1741,11.1608
6,66,2021-09-24 09:02:14,55.1743,11.1608
6,66,2021-09-24 09:02:18,55.1744,11.1608
6,66,2021-09-24 09:02:21,55.1745,11.1607
6,66,2021-09-24 09:02:23,55.1746,11.1607
